Workbook

Sheet 1310
A3: =104+88+36 -> 228
A5: MOIS DE OCTOBRE
A6: DESCRIPTION | B6: 45943
B7: STOCK INT | C7: RECEPTION | D7: UNITE | E7: SORTIER | F7: PRIX | G7: VALEUR | H7: STOCK
A8: DOUBLE FACE | B8: 86 | D8: ROULEAU | E8: 6 | F8: 230.62 | G8: =E8*F8 -> 1383.72 | H8: =B8-E8 -> 80
A9: SCOTCHE | B9: 78 | D9: ROULEAU | F9: 91.2 | G9: =E9*F9 -> 0 | H9: =B9-E9 -> 78
A10: FEUILLARD N12 | B10: 238 | D10: ROULEAU | F10: 3500 | G10: =E10*F10 -> 0 | H10: =B10-E10 -> 238
A11: FEUILLARD N5 | B11: 25 | D11: ROULEAU | F11: 3300 | G11: =E11*F11 -> 0 | H11: =B11-E11 -> 25
A12: CELOPHANE 7 | B12: 65 | D12: ROULEAU | E12: 1 | F12: 1554.62 | G12: =E12*F12 -> 1554.62 | H12: =B12-E12 -> 64
A13: CELOPHANE 16 | B13: 384 | C13: 2220 | D13: KG | F13: 210 | G13: =E13*F13 -> 0 | H13: =B13-E13+C13 -> 2604
A14: CELOPHANE 25 | B14: 24 | D14: KG | G14: =E14*F14 -> 0 | H14: =B14-E14 -> 24
A15: COLLE | B15: 1620 | D15: KG | E15: 30 | F15: 290 | G15: =E15*F15 -> 8700 | H15: =B15-E15 -> 1590
A16: SEL | B16: 750 | C16: 2450 | D16: KG | E16: 50 | F16: 49.5 | G16: =E16*F16 -> 2475 | H16: =B16-E16+C16 -> 3150
A17: BORAX | B17: 525 | D17: KG | F17: 285 | G17: =E17*F17 -> 0 | H17: =B17-E17 -> 525
A18: AMIDON | B18: 24000 | C18: 25000 | D18: KG | E18: =50*25 -> 1250 | F18: 93 | G18: =E18*F18 -> 116250 | H18: =B18-E18+C18 -> 47750
A19: SOUDE | B19: 3000 | D19: KG | E19: 28 | F19: 67.23 | G19: =E19*F19 -> 1882.44 | H19: =B19-E19 -> 2972
A20: ANALYFLIX | B20: 375 | D20: L | F20: 480 | G20: =E20*F20 -> 0 | H20: =B20-E20 -> 375
A21: FIL RECUIT | B21: 1 | C21: 30 | D21: ROULEAU | G21: =E21*F21 -> 0 | H21: =B21-E21+C21 -> 31
A43: TOTAL | E43: =SUM(E8:E41) -> 1365

Sheet 1410
A2: DESCRIPTION | B2: 45944
B3: STOCK INT | C3: RECEPTION | D3: UNITE | E3: SORTIER | F3: PRIX | G3: VALEUR | H3: STOCK
A4: DOUBLE FACE | B4: =+'1310'!H8 -> 80 | D4: ROULEAU | E4: 3 | F4: 230.62 | G4: =E4*F4 -> 691.86 | H4: =B4-E4 -> 77
A5: SCOTCHE | B5: =+'1310'!H9 -> 78 | D5: ROULEAU | F5: 91.2 | G5: =E5*F5 -> 0 | H5: =B5-E5 -> 78
A6: FEUILLARD N12 | B6: =+'1310'!H10 -> 238 | D6: ROULEAU | E6: 3 | F6: 3500 | G6: =E6*F6 -> 10500 | H6: =B6-E6 -> 235
A7: FEUILLARD N5 | B7: =+'1310'!H11 -> 25 | D7: ROULEAU | E7: 1 | F7: 3300 | G7: =E7*F7 -> 3300 | H7: =B7-E7 -> 24
A8: CELOPHANE 7 | B8: =+'1310'!H12 -> 64 | D8: ROULEAU | E8: 1 | F8: 1554.62 | G8: =E8*F8 -> 1554.62 | H8: =B8-E8 -> 63
A9: CELOPHANE 16 | B9: =+'1310'!H13 -> 2604 | D9: KG | E9: 32 | F9: 210 | G9: =E9*F9 -> 6720 | H9: =B9-E9 -> 2572
A10: CELOPHANE 25 | B10: =+'1310'!H14 -> 24 | D10: KG | G10: =E10*F10 -> 0 | H10: =B10-E10 -> 24
A11: COLLE | B11: =+'1310'!H15 -> 1590 | D11: KG | E11: 30 | F11: 290 | G11: =E11*F11 -> 8700 | H11: =B11-E11 -> 1560
A12: SEL | B12: =+'1310'!H16 -> 3150 | D12: KG | E12: 75 | F12: 49.5 | G12: =E12*F12 -> 3712.5 | H12: =B12-E12 -> 3075
A13: BORAX | B13: =+'1310'!H17 -> 525 | D13: KG | F13: 285 | G13: =E13*F13 -> 0 | H13: =B13-E13 -> 525
A14: AMIDON | B14: =+'1310'!H18 -> 47750 | D14: KG | E14: 750 | F14: 93 | G14: =E14*F14 -> 69750 | H14: =B14-E14 -> 47000
A15: SOUDE | B15: =+'1310'!H19 -> 2972 | D15: KG | E15: 42 | F15: 67.23 | G15: =E15*F15 -> 2823.66 | H15: =B15-E15 -> 2930
A16: ANALYFLIX | B16: =+'1310'!H20 -> 375 | D16: L | F16: 480 | G16: =E16*F16 -> 0 | H16: =B16-E16 -> 375
A17: FIL RECUIT | B17: =+'1310'!H21 -> 31 | D17: ROULEAU | G17: =E17*F17 -> 0 | H17: =B17-E17 -> 31
A39: TOTAL | E39: =SUM(E4:E37) -> 937

Sheet 1510
A2: DESCRIPTION | B2: 45945
B3: STOCK INT | C3: RECEPTION | D3: UNITE | E3: SORTIER | F3: PRIX | G3: VALEUR | H3: STOCK
A4: DOUBLE FACE | B4: =+'1410'!H4 -> 77 | D4: ROULEAU | E4: 3 | F4: 230.62 | G4: =E4*F4 -> 691.86 | H4: =B4-E4 -> 74
A5: SCOTCHE | B5: =+'1410'!H5 -> 78 | D5: ROULEAU | F5: 91.2 | G5: =E5*F5 -> 0 | H5: =B5-E5 -> 78
A6: FEUILLARD N12 | B6: =+'1410'!H6 -> 235 | D6: ROULEAU | E6: 2 | F6: 3500 | G6: =E6*F6 -> 7000 | H6: =B6-E6 -> 233
A7: FEUILLARD N5 | B7: =+'1410'!H7 -> 24 | D7: ROULEAU | E7: 2 | F7: 3300 | G7: =E7*F7 -> 6600 | H7: =B7-E7 -> 22
A8: CELOPHANE 7 | B8: =+'1410'!H8 -> 63 | D8: ROULEAU | E8: 4 | F8: 1554.62 | G8: =E8*F8 -> 6218.48 | H8: =B8-E8 -> 59
A9: CELOPHANE 16 | B9: =+'1410'!H9 -> 2572 | D9: KG | E9: 16 | F9: 210 | G9: =E9*F9 -> 3360 | H9: =B9-E9 -> 2556
A10: CELOPHANE 25 | B10: =+'1410'!H10 -> 24 | D10: KG | G10: =E10*F10 -> 0 | H10: =B10-E10 -> 24
A11: COLLE | B11: =+'1410'!H11 -> 1560 | D11: KG | E11: 60 | F11: 290 | G11: =E11*F11 -> 17400 | H11: =B11-E11 -> 1500
A12: SEL | B12: =+'1410'!H12 -> 3075 | D12: KG | E12: 50 | F12: 49.5 | G12: =E12*F12 -> 2475 | H12: =B12-E12 -> 3025
A13: BORAX | B13: =+'1410'!H13 -> 525 | D13: KG | F13: 285 | G13: =E13*F13 -> 0 | H13: =B13-E13 -> 525
A14: AMIDON | B14: =+'1410'!H14 -> 47000 | D14: KG | E14: 750 | F14: 93 | G14: =E14*F14 -> 69750 | H14: =B14-E14 -> 46250
A15: SOUDE | B15: =+'1410'!H15 -> 2930 | D15: KG | E15: 56 | F15: 67.23 | G15: =E15*F15 -> 3764.88 | H15: =B15-E15 -> 2874
A16: ANALYFLIX | B16: =+'1410'!H16 -> 375 | D16: L | F16: 480 | G16: =E16*F16 -> 0 | H16: =B16-E16 -> 375
A17: FIL RECUIT | B17: =+'1410'!H17 -> 31 | D17: ROULEAU | G17: =E17*F17 -> 0 | H17: =B17-E17 -> 31
A39: TOTAL | E39: =SUM(E4:E37) -> 943

Sheet 1610
A2: DESCRIPTION | B2: 45946
B3: STOCK INT | C3: RECEPTION | D3: UNITE | E3: SORTIER | F3: PRIX | G3: VALEUR | H3: STOCK
A4: DOUBLE FACE | B4: =+'1510'!H4 -> 74 | D4: ROULEAU | E4: 3 | F4: 230.62 | G4: =E4*F4 -> 691.86 | H4: =B4-E4 -> 71
A5: SCOTCHE | B5: =+'1510'!H5 -> 78 | D5: ROULEAU | F5: 91.2 | G5: =E5*F5 -> 0 | H5: =B5-E5 -> 78
A6: FEUILLARD N12 | B6: =+'1510'!H6 -> 233 | D6: ROULEAU | F6: 3500 | G6: =E6*F6 -> 0 | H6: =B6-E6 -> 233
A7: FEUILLARD N5 | B7: =+'1510'!H7 -> 22 | D7: ROULEAU | E7: 1 | F7: 3300 | G7: =E7*F7 -> 3300 | H7: =B7-E7 -> 21
A8: CELOPHANE 7 | B8: =+'1510'!H8 -> 59 | D8: ROULEAU | E8: 4 | F8: 1554.62 | G8: =E8*F8 -> 6218.48 | H8: =B8-E8 -> 55
A9: CELOPHANE 16 | B9: =+'1510'!H9 -> 2556 | D9: KG | F9: 210 | G9: =E9*F9 -> 0 | H9: =B9-E9 -> 2556
A10: CELOPHANE 25 | B10: =+'1510'!H10 -> 24 | D10: KG | G10: =E10*F10 -> 0 | H10: =B10-E10 -> 24
A11: COLLE | B11: =+'1510'!H11 -> 1500 | D11: KG | E11: 30 | F11: 290 | G11: =E11*F11 -> 8700 | H11: =B11-E11 -> 1470
A12: SEL | B12: =+'1510'!H12 -> 3025 | D12: KG | F12: 49.5 | G12: =E12*F12 -> 0 | H12: =B12-E12 -> 3025
A13: BORAX | B13: =+'1510'!H13 -> 525 | D13: KG | F13: 285 | G13: =E13*F13 -> 0 | H13: =B13-E13 -> 525
A14: AMIDON | B14: =+'1510'!H14 -> 46250 | D14: KG | E14: 1000 | F14: 93 | G14: =E14*F14 -> 93000 | H14: =B14-E14 -> 45250
A15: SOUDE | B15: =+'1510'!H15 -> 2874 | D15: KG | E15: 42 | F15: 67.23 | G15: =E15*F15 -> 2823.66 | H15: =B15-E15 -> 2832
A16: ANALYFLIX | B16: =+'1510'!H16 -> 375 | D16: L | F16: 480 | G16: =E16*F16 -> 0 | H16: =B16-E16 -> 375
A17: FIL RECUIT | B17: =+'1510'!H17 -> 31 | D17: ROULEAU | G17: =E17*F17 -> 0 | H17: =B17-E17 -> 31
A39: TOTAL | E39: =SUM(E4:E37) -> 1080

Sheet 1910
A2: DESCRIPTION | B2: 45949
B3: STOCK INT | C3: RECEPTION | D3: UNITE | E3: SORTIER | F3: PRIX | G3: VALEUR | H3: STOCK
A4: DOUBLE FACE | B4: =+'1610'!H4 -> 71 | D4: ROULEAU | E4: 3 | F4: 230.62 | G4: =E4*F4 -> 691.86 | H4: =B4-E4 -> 68
A5: SCOTCHE | B5: =+'1610'!H5 -> 78 | D5: ROULEAU | E5: 3 | F5: 91.2 | G5: =E5*F5 -> 273.6 | H5: =B5-E5 -> 75
A6: FEUILLARD N12 | B6: =+'1610'!H6 -> 233 | D6: ROULEAU | E6: 2 | F6: 3500 | G6: =E6*F6 -> 7000 | H6: =B6-E6 -> 231
A7: FEUILLARD N5 | B7: =+'1610'!H7 -> 21 | D7: ROULEAU | E7: 1 | F7: 3300 | G7: =E7*F7 -> 3300 | H7: =B7-E7 -> 20
A8: CELOPHANE 7 | B8: =+'1610'!H8 -> 55 | D8: ROULEAU | E8: 5 | F8: 1554.62 | G8: =E8*F8 -> 7773.1 | H8: =B8-E8 -> 50
A9: CELOPHANE 16 | B9: =+'1610'!H9 -> 2556 | D9: KG | E9: 32 | F9: 210 | G9: =E9*F9 -> 6720 | H9: =B9-E9 -> 2524
A10: CELOPHANE 25 | B10: =+'1610'!H10 -> 24 | D10: KG | G10: =E10*F10 -> 0 | H10: =B10-E10 -> 24
A11: COLLE | B11: =+'1610'!H11 -> 1470 | D11: KG | E11: 30 | F11: 290 | G11: =E11*F11 -> 8700 | H11: =B11-E11 -> 1440
A12: SEL | B12: =+'1610'!H12 -> 3025 | D12: KG | E12: 100 | F12: 49.5 | G12: =E12*F12 -> 4950 | H12: =B12-E12 -> 2925
A13: BORAX | B13: =+'1610'!H13 -> 525 | D13: KG | E13: 50 | F13: 285 | G13: =E13*F13 -> 14250 | H13: =B13-E13 -> 475
A14: AMIDON | B14: =+'1610'!H14 -> 45250 | D14: KG | E14: 1500 | F14: 93 | G14: =E14*F14 -> 139500 | H14: =B14-E14 -> 43750
A15: SOUDE | B15: =+'1610'!H15 -> 2832 | D15: KG | E15: 84 | F15: 67.23 | G15: =E15*F15 -> 5647.32 | H15: =B15-E15 -> 2748
A16: ANALYFLIX | B16: =+'1610'!H16 -> 375 | D16: L | F16: 480 | G16: =E16*F16 -> 0 | H16: =B16-E16 -> 375
A17: FIL RECUIT | B17: =+'1610'!H17 -> 31 | D17: ROULEAU | G17: =E17*F17 -> 0 | H17: =B17-E17 -> 31
A39: TOTAL | E39: =SUM(E4:E37) -> 1810

Sheet 2010
A2: DESCRIPTION | B2: 45950
B3: STOCK INT | C3: RECEPTION | D3: UNITE | E3: SORTIER | F3: PRIX | G3: VALEUR | H3: STOCK
A4: DOUBLE FACE | B4: =+'1910'!H4 -> 68 | D4: ROULEAU | E4: 3 | F4: 230.62 | G4: =E4*F4 -> 691.86 | H4: =B4-E4 -> 65
A5: SCOTCHE | B5: =+'1910'!H5 -> 75 | D5: ROULEAU | F5: 91.2 | G5: =E5*F5 -> 0 | H5: =B5-E5 -> 75
A6: FEUILLARD N12 | B6: =+'1910'!H6 -> 231 | D6: ROULEAU | E6: 2 | F6: 3500 | G6: =E6*F6 -> 7000 | H6: =B6-E6 -> 229
A7: FEUILLARD N5 | B7: =+'1910'!H7 -> 20 | D7: ROULEAU | E7: 1 | F7: 3300 | G7: =E7*F7 -> 3300 | H7: =B7-E7 -> 19
A8: CELOPHANE 7 | B8: =+'1910'!H8 -> 50 | D8: ROULEAU | F8: 1554.62 | G8: =E8*F8 -> 0 | H8: =B8-E8 -> 50
A9: CELOPHANE 16 | B9: =+'1910'!H9 -> 2524 | D9: KG | E9: 16 | F9: 210 | G9: =E9*F9 -> 3360 | H9: =B9-E9 -> 2508
A10: CELOPHANE 25 | B10: =+'1910'!H10 -> 24 | D10: KG | G10: =E10*F10 -> 0 | H10: =B10-E10 -> 24
A11: COLLE | B11: =+'1910'!H11 -> 1440 | D11: KG | E11: 30 | F11: 290 | G11: =E11*F11 -> 8700 | H11: =B11-E11 -> 1410
A12: SEL | B12: =+'1910'!H12 -> 2925 | D12: KG | F12: 49.5 | G12: =E12*F12 -> 0 | H12: =B12-E12 -> 2925
A13: BORAX | B13: =+'1910'!H13 -> 475 | D13: KG | F13: 285 | G13: =E13*F13 -> 0 | H13: =B13-E13 -> 475
A14: AMIDON | B14: =+'1910'!H14 -> 43750 | D14: KG | E14: 1050 | F14: 93 | G14: =E14*F14 -> 97650 | H14: =B14-E14 -> 42700
A15: SOUDE | B15: =+'1910'!H15 -> 2748 | D15: KG | E15: 42 | F15: 67.23 | G15: =E15*F15 -> 2823.66 | H15: =B15-E15 -> 2706
A16: ANALYFLIX | B16: =+'1910'!H16 -> 375 | D16: L | F16: 480 | G16: =E16*F16 -> 0 | H16: =B16-E16 -> 375
A17: FIL RECUIT | B17: =+'1910'!H17 -> 31 | D17: ROULEAU | G17: =E17*F17 -> 0 | H17: =B17-E17 -> 31
A39: TOTAL | E39: =SUM(E4:E37) -> 1144

Sheet 2110
A2: DESCRIPTION | B2: 45951
B3: STOCK INT | C3: RECEPTION | D3: UNITE | E3: SORTIER | F3: PRIX | G3: VALEUR | H3: STOCK
A4: DOUBLE FACE | B4: =+'2010'!H4 -> 65 | D4: ROULEAU | E4: 6 | F4: 230.62 | G4: =E4*F4 -> 1383.72 | H4: =B4-E4 -> 59
A5: SCOTCHE | B5: =+'2010'!H5 -> 75 | D5: ROULEAU | F5: 91.2 | G5: =E5*F5 -> 0 | H5: =B5-E5 -> 75
A6: FEUILLARD N12 | B6: =+'2010'!H6 -> 229 | D6: ROULEAU | E6: 2 | F6: 3500 | G6: =E6*F6 -> 7000 | H6: =B6-E6 -> 227
A7: FEUILLARD N5 | B7: =+'2010'!H7 -> 19 | D7: ROULEAU | E7: 2 | F7: 3300 | G7: =E7*F7 -> 6600 | H7: =B7-E7 -> 17
A8: CELOPHANE 7 | B8: =+'2010'!H8 -> 50 | D8: ROULEAU | F8: 1554.62 | G8: =E8*F8 -> 0 | H8: =B8-E8 -> 50
A9: CELOPHANE 16 | B9: =+'2010'!H9 -> 2508 | D9: KG | F9: 210 | G9: =E9*F9 -> 0 | H9: =B9-E9 -> 2508
A10: CELOPHANE 25 | B10: =+'2010'!H10 -> 24 | D10: KG | G10: =E10*F10 -> 0 | H10: =B10-E10 -> 24
A11: COLLE | B11: =+'2010'!H11 -> 1410 | D11: KG | E11: 30 | F11: 290 | G11: =E11*F11 -> 8700 | H11: =B11-E11 -> 1380
A12: SEL | B12: =+'2010'!H12 -> 2925 | D12: KG | E12: 50 | F12: 49.5 | G12: =E12*F12 -> 2475 | H12: =B12-E12 -> 2875
A13: BORAX | B13: =+'2010'!H13 -> 475 | D13: KG | F13: 285 | G13: =E13*F13 -> 0 | H13: =B13-E13 -> 475
A14: AMIDON | B14: =+'2010'!H14 -> 42700 | D14: KG | E14: 1500 | F14: 93 | G14: =E14*F14 -> 139500 | H14: =B14-E14 -> 41200
A15: SOUDE | B15: =+'2010'!H15 -> 2706 | D15: KG | E15: 70 | F15: 67.23 | G15: =E15*F15 -> 4706.1 | H15: =B15-E15 -> 2636
A16: ANALYFLIX | B16: =+'2010'!H16 -> 375 | D16: L | F16: 480 | G16: =E16*F16 -> 0 | H16: =B16-E16 -> 375
A17: FIL RECUIT | B17: =+'2010'!H17 -> 31 | D17: ROULEAU | G17: =E17*F17 -> 0 | H17: =B17-E17 -> 31
A39: TOTAL | E39: =SUM(E4:E37) -> 1660

Sheet 2210
A2: DESCRIPTION | B2: 45952
B3: STOCK INT | C3: RECEPTION | D3: UNITE | E3: SORTIER | F3: PRIX | G3: VALEUR | H3: STOCK
A4: DOUBLE FACE | B4: =+'2110'!H4 -> 59 | D4: ROULEAU | F4: 230.62 | G4: =E4*F4 -> 0 | H4: =B4-E4 -> 59
A5: SCOTCHE | B5: =+'2110'!H5 -> 75 | D5: ROULEAU | F5: 91.2 | G5: =E5*F5 -> 0 | H5: =B5-E5 -> 75
A6: FEUILLARD N12 | B6: =+'2110'!H6 -> 227 | D6: ROULEAU | E6: 2 | F6: 3500 | G6: =E6*F6 -> 7000 | H6: =B6-E6 -> 225
A7: FEUILLARD N5 | B7: =+'2110'!H7 -> 17 | D7: ROULEAU | F7: 3300 | G7: =E7*F7 -> 0 | H7: =B7-E7 -> 17
A8: CELOPHANE 7 | B8: =+'2110'!H8 -> 50 | D8: ROULEAU | E8: 1 | F8: 1554.62 | G8: =E8*F8 -> 1554.62 | H8: =B8-E8 -> 49
A9: CELOPHANE 16 | B9: =+'2110'!H9 -> 2508 | D9: KG | E9: 32 | F9: 210 | G9: =E9*F9 -> 6720 | H9: =B9-E9 -> 2476
A10: CELOPHANE 25 | B10: =+'2110'!H10 -> 24 | D10: KG | G10: =E10*F10 -> 0 | H10: =B10-E10 -> 24
A11: COLLE | B11: =+'2110'!H11 -> 1380 | D11: KG | E11: 60 | F11: 290 | G11: =E11*F11 -> 17400 | H11: =B11-E11 -> 1320
A12: SEL | B12: =+'2110'!H12 -> 2875 | D12: KG | F12: 49.5 | G12: =E12*F12 -> 0 | H12: =B12-E12 -> 2875
A13: BORAX | B13: =+'2110'!H13 -> 475 | D13: KG | F13: 285 | G13: =E13*F13 -> 0 | H13: =B13-E13 -> 475
A14: AMIDON | B14: =+'2110'!H14 -> 41200 | D14: KG | E14: 1500 | F14: 93 | G14: =E14*F14 -> 139500 | H14: =B14-E14 -> 39700 | J14: =1320/30 -> 44
A15: SOUDE | B15: =+'2110'!H15 -> 2636 | D15: KG | E15: 56 | F15: 67.23 | G15: =E15*F15 -> 3764.88 | H15: =B15-E15 -> 2580
A16: ANALYFLIX | B16: =+'2110'!H16 -> 375 | D16: L | E16: 25 | F16: 480 | G16: =E16*F16 -> 12000 | H16: =B16-E16 -> 350
A17: FIL RECUIT | B17: =+'2110'!H17 -> 31 | D17: ROULEAU | G17: =E17*F17 -> 0 | H17: =B17-E17 -> 31
A39: TOTAL | E39: =SUM(E4:E37) -> 1676

Sheet 2310
A2: DESCRIPTION | B2: 45953
B3: STOCK INT | C3: RECEPTION | D3: UNITE | E3: SORTIER | F3: PRIX | G3: VALEUR | H3: STOCK
A4: DOUBLE FACE | B4: =+'2210'!H4 -> 59 | D4: ROULEAU | E4: 6 | F4: 230.62 | G4: =E4*F4 -> 1383.72 | H4: =B4-E4 -> 53
A5: SCOTCHE | B5: =+'2210'!H5 -> 75 | D5: ROULEAU | F5: 91.2 | G5: =E5*F5 -> 0 | H5: =B5-E5 -> 75
A6: FEUILLARD N12 | B6: =+'2210'!H6 -> 225 | D6: ROULEAU | E6: 3 | F6: 3500 | G6: =E6*F6 -> 10500 | H6: =B6-E6 -> 222
A7: FEUILLARD N5 | B7: =+'2210'!H7 -> 17 | D7: ROULEAU | E7: 1 | F7: 3300 | G7: =E7*F7 -> 3300 | H7: =B7-E7 -> 16
A8: CELOPHANE 7 | B8: =+'2210'!H8 -> 49 | D8: ROULEAU | F8: 1554.62 | G8: =E8*F8 -> 0 | H8: =B8-E8 -> 49
A9: CELOPHANE 16 | B9: =+'2210'!H9 -> 2476 | D9: KG | E9: =16*3 -> 48 | F9: 210 | G9: =E9*F9 -> 10080 | H9: =B9-E9 -> 2428
A10: CELOPHANE 25 | B10: =+'2210'!H10 -> 24 | D10: KG | G10: =E10*F10 -> 0 | H10: =B10-E10 -> 24
A11: COLLE | B11: =+'2210'!H11 -> 1320 | D11: KG | E11: 90 | F11: 290 | G11: =E11*F11 -> 26100 | H11: =B11-E11 -> 1230
A12: SEL | B12: =+'2210'!H12 -> 2875 | D12: KG | F12: 49.5 | G12: =E12*F12 -> 0 | H12: =B12-E12 -> 2875
A13: BORAX | B13: =+'2210'!H13 -> 475 | D13: KG | E13: 75 | F13: 285 | G13: =E13*F13 -> 21375 | H13: =B13-E13 -> 400
A14: AMIDON | B14: =+'2210'!H14 -> 39700 | D14: KG | E14: 1250 | F14: 93 | G14: =E14*F14 -> 116250 | H14: =B14-E14 -> 38450
A15: SOUDE | B15: =+'2210'!H15 -> 2580 | D15: KG | E15: 56 | F15: 67.23 | G15: =E15*F15 -> 3764.88 | H15: =B15-E15 -> 2524
A16: ANALYFLIX | B16: =+'2210'!H16 -> 350 | D16: L | E16: 25 | F16: 480 | G16: =E16*F16 -> 12000 | H16: =B16-E16 -> 325
A17: FIL RECUIT | B17: =+'2210'!H17 -> 31 | D17: ROULEAU | E17: 5 | G17: =E17*F17 -> 0 | H17: =B17-E17 -> 26
A18: JAUNE MP | C18: 400 | D18: KG | H18: =B18-E18+C18 -> 400
A19: BLUE MP | C19: 200 | D19: KG | H19: =B19-E19+C19 -> 200
A20: MAGENTA MP | C20: 1000 | D20: KG | H20: =B20-E20+C20 -> 1000
A21: NOIR MP | C21: 2600 | D21: KG | H21: =B21-E21+C21 -> 2600
A22: ROUGE MP | C22: 1400 | D22: KG | H22: =B22-E22+C22 -> 1400
A23: BLANC MP | C23: 200 | D23: KG | H23: =B23-E23+C23 -> 200
A24: ORANGE MP | C24: 200 | D24: KG | H24: =B24-E24+C24 -> 200
A25: VERT MP | C25: 1200 | D25: KG | H25: =B25-E25+C25 -> 1200
A26: VIOLET MP | C26: 200 | D26: KG | H26: =B26-E26+C26 -> 200
A27: VERNICH GLOSS | C27: 1000 | D27: KG | H27: =B27-E27+C27 -> 1000
A28: VERNICH CX3 | C28: 14400 | D28: KG | H28: =B28-E28+C28 -> 14400
A29: JAUNE 109 | B29: 120 | D29: KG | H29: =B29-E29+C29 -> 120
A30: JAUNE PROCESS | B30: 100 | D30: KG | H30: =B30-E30+C30 -> 100
A31: BLEU CYAN C | B31: 60 | D31: KG | H31: =B31-E31+C31 -> 60
A32: BLEU REFLEX | B32: 80 | D32: KG | H32: =B32-E32+C32 -> 80
A33: BLEU 295 C | B33: 20 | D33: KG | H33: =B33-E33+C33 -> 20
A34: BLEU BADIRA C | B34: 40 | D34: KG | H34: =B34-E34+C34 -> 40
A35: BLEU 2765 C | B35: 60 | D35: KG | H35: =B35-E35+C35 -> 60
A36: BLEU 3557 | B36: 60 | D36: KG | H36: =B36-E36+C36 -> 60
A37: MARRON 7570 | B37: 100 | D37: KG | H37: =B37-E37+C37 -> 100
A38: MARRON 876 | B38: 20 | D38: KG | H38: =B38-E38+C38 -> 20
A39: MARRON 476 | B39: 20 | D39: KG | H39: =B39-E39+C39 -> 20
A40: MARRON BEJE | B40: 40 | D40: KG | H40: =B40-E40+C40 -> 40
... A61: P200 | B61: 40 | D61: KG | H61: =B61-E61+C61 -> 40
D62: KG
D63: KG
D64: KG
D65: KG | H65: =B65-E65+C65 -> 0
D66: KG | H66: =B66-E66+C66 -> 0
A67: TOTAL | E67: =SUM(E4:E65) -> 1559

Sheet 2510
A2: DESCRIPTION | B2: 45955
B3: STOCK INT | C3: RECEPTION | D3: UNITE | E3: SORTIER | F3: PRIX | G3: VALEUR | H3: STOCK
A4: DOUBLE FACE | B4: =+'2310'!H4 -> 53 | D4: ROULEAU | F4: 230.62 | G4: =E4*F4 -> 0 | H4: =B4-E4 -> 53
A5: SCOTCHE | B5: =+'2310'!H5 -> 75 | D5: ROULEAU | E5: 3 | F5: 91.2 | G5: =E5*F5 -> 273.6 | H5: =B5-E5 -> 72
A6: FEUILLARD N12 | B6: =+'2310'!H6 -> 222 | D6: ROULEAU | F6: 3500 | G6: =E6*F6 -> 0 | H6: =B6-E6 -> 222
A7: FEUILLARD N5 | B7: =+'2310'!H7 -> 16 | D7: ROULEAU | F7: 3300 | G7: =E7*F7 -> 0 | H7: =B7-E7 -> 16
A8: CELOPHANE 7 | B8: =+'2310'!H8 -> 49 | D8: ROULEAU | F8: 1554.62 | G8: =E8*F8 -> 0 | H8: =B8-E8 -> 49
A9: CELOPHANE 16 | B9: =+'2310'!H9 -> 2428 | D9: KG | E9: 32 | F9: 210 | G9: =E9*F9 -> 6720 | H9: =B9-E9 -> 2396
A10: CELOPHANE 25 | B10: =+'2310'!H10 -> 24 | D10: KG | G10: =E10*F10 -> 0 | H10: =B10-E10 -> 24
A11: COLLE | B11: =+'2310'!H11 -> 1230 | D11: KG | F11: 290 | G11: =E11*F11 -> 0 | H11: =B11-E11 -> 1230
A12: SEL | B12: =+'2310'!H12 -> 2875 | D12: KG | F12: 49.5 | G12: =E12*F12 -> 0 | H12: =B12-E12 -> 2875
A13: BORAX | B13: =+'2310'!H13 -> 400 | D13: KG | F13: 285 | G13: =E13*F13 -> 0 | H13: =B13-E13 -> 400
A14: AMIDON | B14: =+'2310'!H14 -> 38450 | C14: 25000 | D14: KG | E14: =21*25 -> 525 | F14: 93 | G14: =E14*F14 -> 48825 | H14: =B14-E14 -> 37925
A15: SOUDE | B15: =+'2310'!H15 -> 2524 | D15: KG | E15: 42 | F15: 67.23 | G15: =E15*F15 -> 2823.66 | H15: =B15-E15 -> 2482
A16: ANALYFLIX | B16: =+'2310'!H16 -> 325 | D16: L | F16: 480 | G16: =E16*F16 -> 0 | H16: =B16-E16 -> 325
A17: FIL RECUIT | B17: =+'2310'!H17 -> 26 | D17: ROULEAU | G17: =E17*F17 -> 0 | H17: =B17-E17 -> 26
A18: JAUNE MP | B18: 1640.1 | C18: 400 | D18: KG | E18: 91.7 | F18: 877.28 | G18: =E18*F18 -> 80446.576 | H18: =B18-E18 -> 1548.4
A19: BLUE MP | B19: 373 | C19: 200 | D19: KG | E19: 12.45 | F19: 601.1 | G19: =E19*F19 -> 7483.695 | H19: =B19-E19 -> 360.55
A20: MAGENTA MP | B20: =+'2310'!H20 -> 1000 | C20: 1000 | D20: KG | E20: 9.5 | F20: 568.61 | G20: =E20*F20 -> 5401.795 | H20: =B20-E20 -> 990.5
A21: NOIR MP | B21: =+'2310'!H21 -> 2600 | C21: 2600 | D21: KG | E21: 135.4 | F21: 333.04 | G21: =E21*F21 -> 45093.616 | H21: =B21-E21 -> 2464.6
A22: ROUGE MP | B22: =+'2310'!H22 -> 1400 | C22: 1400 | D22: KG | E22: 122.75 | F22: 714.82 | G22: =E22*F22 -> 87744.155 | H22: =B22-E22 -> 1277.25
A23: BLANC MP | B23: 230 | C23: 200 | D23: KG | F23: 487.38 | G23: =E23*F23 -> 0 | H23: =B23-E23 -> 230
A24: ORANGE MP | B24: 980.9 | C24: 200 | D24: KG | E24: 4.63 | F24: 844.79 | G24: =E24*F24 -> 3911.3777 | H24: =B24-E24 -> 976.27
A25: VERT MP | B25: =+'2310'!H25 -> 1200 | C25: 1200 | D25: KG | E25: 96 | F25: 901.65 | G25: =E25*F25 -> 86558.4 | H25: =B25-E25 -> 1104
A26: VIOLET MP | B26: 269.88 | C26: 200 | D26: KG | E26: 29 | F26: 877.28 | G26: =E26*F26 -> 25441.12 | H26: =B26-E26 -> 240.88
A27: VERNICH GLOSS | B27: 1130 | C27: 1000 | D27: KG | E27: 59.3 | F27: 300.55 | G27: =E27*F27 -> 17822.615 | H27: =B27-E27 -> 1070.7
A28: VERNICH CX3 | B28: 15493.88 | C28: 14400 | D28: KG | E28: 656.7 | F28: 178.7 | G28: =E28*F28 -> 117352.29 | H28: =B28-E28 -> 14837.18
A29: JAUNE 109 | B29: 410 | D29: KG | E29: 391 | G29: =E29*F29 -> 0 | H29: =B29-E29 -> 19
A30: JAUNE PROCESS | B30: =+'2310'!H30 -> 100 | D30: KG | E30: 100 | G30: =E30*F30 -> 0 | H30: =B30-E30 -> 0
A31: BLEU CYAN | B31: 100 | D31: KG | H31: =B31-E31 -> 100
A32: BLEU CYAN C | B32: =+'2310'!H31 -> 60 | D32: KG | G32: =E32*F32 -> 0 | H32: =B32-E32 -> 60
A33: BLEU REFLEX | B33: 300 | D33: KG | E33: 151 | G33: =E33*F33 -> 0 | H33: =B33-E33 -> 149
A34: BLEU 295 C | B34: =+'2310'!H33 -> 20 | D34: KG | G34: =E34*F34 -> 0 | H34: =B34-E34 -> 20
A35: BLEU BADIRA C | B35: =+'2310'!H34 -> 40 | D35: KG | G35: =E35*F35 -> 0 | H35: =B35-E35 -> 40
A36: BLEU 2765 C | B36: =+'2310'!H35 -> 60 | D36: KG | G36: =E36*F36 -> 0 | H36: =B36-E36 -> 60
A37: BLEU 3557 | B37: =+'2310'!H36 -> 60 | D37: KG | G37: =E37*F37 -> 0 | H37: =B37-E37 -> 60
A38: MARRON 7570 | B38: =+'2310'!H37 -> 100 | D38: KG | G38: =E38*F38 -> 0 | H38: =B38-E38 -> 100
A39: MARRON 876 | B39: =+'2310'!H38 -> 20 | D39: KG | G39: =E39*F39 -> 0 | H39: =B39-E39 -> 20
A40: MARRON 476 | B40: =+'2310'!H39 -> 20 | D40: KG | G40: =E40*F40 -> 0 | H40: =B40-E40 -> 20
A41: MARRON BEJE | B41: =+'2310'!H40 -> 40 | D41: KG | G41: =E41*F41 -> 0 | H41: =B41-E41 -> 40
A42: MARRON 7502 | B42: =+'2310'!H41 -> 100 | D42: KG | G42: =E42*F42 -> 0 | H42: =B42-E42 -> 100
A43: MARRON FONCE | B43: =+'2310'!H42 -> 40 | D43: KG | G43: =E43*F43 -> 0 | H43: =B43-E43 -> 40
A44: VIOLET 254 | B44: =+'2310'!H43 -> 20 | D44: KG | G44: =E44*F44 -> 0 | H44: =B44-E44 -> 20
A45: VIOLET 2371 | B45: 160 | D45: KG | G45: =E45*F45 -> 0 | H45: =B45-E45 -> 160
A46: ROUGE 3546 | B46: 100 | D46: KG | E46: 17 | G46: =E46*F46 -> 0 | H46: =B46-E46 -> 83
A47: ROUGE 2347 | B47: 250 | D47: KG | E47: 150 | G47: =E47*F47 -> 0 | H47: =B47-E47 -> 100
A48: ROUGE SIPA | B48: =+'2310'!H46 -> 40 | D48: KG | G48: =E48*F48 -> 0 | H48: =B48-E48 -> 40
A49: ROSE | B49: =+'2310'!H47 -> 120 | D49: KG | G49: =E49*F49 -> 0 | H49: =B49-E49 -> 120
A50: VERT 375 | B50: =+'2310'!H48 -> 60 | D50: KG | G50: =E50*F50 -> 0 | H50: =B50-E50 -> 60
A51: VERT 356 | B51: 250 | D51: KG | E51: 51 | G51: =E51*F51 -> 0 | H51: =B51-E51 -> 199
A52: VERT 356 C | B52: 34 | D52: KG | G52: =E52*F52 -> 0 | H52: =B52-E52 -> 34
A53: VERT 342 | B53: =+'2310'!H50 -> 80 | D53: KG | G53: =E53*F53 -> 0 | H53: =B53-E53 -> 80
A54: MAGENTA | B54: =+'2310'!H51 -> 180 | D54: KG | G54: =E54*F54 -> 0 | H54: =B54-E54 -> 180
A55: GOLD 4007 | B55: =+'2310'!H52 -> 80 | D55: KG | G55: =E55*F55 -> 0 | H55: =B55-E55 -> 80
A56: GOLD 872 | B56: =+'2310'!H53 -> 20 | D56: KG | G56: =E56*F56 -> 0 | H56: =B56-E56 -> 20
A57: GRIS877 | B57: =+'2310'!H54 -> 100 | D57: KG | G57: =E57*F57 -> 0 | H57: =B57-E57 -> 100
A58: GRIS07 | B58: =+'2310'!H55 -> 40 | D58: KG | G58: =E58*F58 -> 0 | H58: =B58-E58 -> 40
A59: GRIS ARGANT | B59: =+'2310'!H56 -> 60 | D59: KG | G59: =E59*F59 -> 0 | H59: =B59-E59 -> 60
A60: ORANGE 21 | B60: 100 | D60: KG | G60: =E60*F60 -> 0 | H60: =B60-E60 -> 100
A61: ORANGE 153 | B61: =+'2310'!H58 -> 20 | D61: KG | G61: =E61*F61 -> 0 | H61: =B61-E61 -> 20
A62: ORANGE 166 | B62: =+'2310'!H59 -> 100 | D62: KG | E62: 20 | G62: =E62*F62 -> 0 | H62: =B62-E62 -> 80
A63: NOIR PROCESS | B63: 250 | D63: KG | E63: 68 | G63: =E63*F63 -> 0 | H63: =B63-E63 -> 182
A64: NOIR COUCHE | B64: 34 | D64: KG | G64: =E64*F64 -> 0 | H64: =B64-E64 -> 34
A65: P200 | B65: =+'2310'!H61 -> 40 | D65: KG | G65: =E65*F65 -> 0 | H65: =B65-E65 -> 40
B66: =+'2310'!H62 -> 0 | D66: KG | G66: =E66*F66 -> 0 | H66: =B66-E66 -> 0
B67: =+'2310'!H63 -> 0 | D67: KG | G67: =E67*F67 -> 0 | H67: =B67-E67 -> 0
A68: TOTAL | E68: =SUM(E4:E67) -> 2767.43

Sheet 2710
A2: DESCRIPTION | B2: 45957
B3: STOCK INT | C3: RECEPTION | D3: UNITE | E3: SORTIER | F3: PRIX | G3: VALEUR | H3: STOCK
A4: DOUBLE FACE | B4: =+'2510'!H4 -> 53 | D4: ROULEAU | E4: 6 | F4: 230.62 | G4: =E4*F4 -> 1383.72 | H4: =B4-E4 -> 47
A5: SCOTCHE | B5: =+'2510'!H5 -> 72 | D5: ROULEAU | E5: 3 | F5: 91.2 | G5: =E5*F5 -> 273.6 | H5: =B5-E5 -> 69
A6: FEUILLARD N12 | B6: =+'2510'!H6 -> 222 | D6: ROULEAU | F6: 3500 | G6: =E6*F6 -> 0 | H6: =B6-E6 -> 222
A7: FEUILLARD N5 | B7: =+'2510'!H7 -> 16 | D7: ROULEAU | F7: 3300 | G7: =E7*F7 -> 0 | H7: =B7-E7 -> 16
A8: CELOPHANE 7 | B8: =+'2510'!H8 -> 49 | D8: ROULEAU | F8: 1554.62 | G8: =E8*F8 -> 0 | H8: =B8-E8 -> 49
A9: CELOPHANE 16 | B9: =+'2510'!H9 -> 2396 | D9: KG | F9: 210 | G9: =E9*F9 -> 0 | H9: =B9-E9 -> 2396
A10: CELOPHANE 25 | B10: =+'2510'!H10 -> 24 | D10: KG | G10: =E10*F10 -> 0 | H10: =B10-E10 -> 24
A11: COLLE | B11: =+'2510'!H11 -> 1230 | D11: KG | F11: 290 | G11: =E11*F11 -> 0 | H11: =B11-E11 -> 1230
A12: SEL | B12: =+'2510'!H12 -> 2875 | D12: KG | E12: =2*25 -> 50 | F12: 49.5 | G12: =E12*F12 -> 2475 | H12: =B12-E12 -> 2825
A13: BORAX | B13: =+'2510'!H13 -> 400 | D13: KG | F13: 285 | G13: =E13*F13 -> 0 | H13: =B13-E13 -> 400
A14: AMIDON | B14: =+'2510'!H14 -> 37925 | C14: 25000 | D14: KG | E14: =56*25 -> 1400 | F14: 93 | G14: =E14*F14 -> 130200 | H14: =B14-E14+C14 -> 61525
A15: SOUDE | B15: =+'2510'!H15 -> 2482 | D15: KG | E15: 84 | F15: 67.23 | G15: =E15*F15 -> 5647.32 | H15: =B15-E15 -> 2398
A16: ANALYFLIX | B16: =+'2510'!H16 -> 325 | D16: L | F16: 480 | G16: =E16*F16 -> 0 | H16: =B16-E16 -> 325
A17: FIL RECUIT | B17: =+'2510'!H17 -> 26 | D17: ROULEAU | G17: =E17*F17 -> 0 | H17: =B17-E17 -> 26
A18: JAUNE MP | B18: =+'2510'!H18 -> 1548.4 | D18: KG | E18: 1.177 | F18: 877.28 | G18: =E18*F18 -> 1032.5586 | H18: =B18-E18 -> 1547.223
A19: BLUE MP | B19: =+'2510'!H19 -> 360.55 | D19: KG | E19: 4.44 | F19: 601.1 | G19: =E19*F19 -> 2668.884 | H19: =B19-E19 -> 356.11
A20: MAGENTA MP | B20: =+'2510'!H20 -> 990.5 | D20: KG | F20: 568.61 | G20: =E20*F20 -> 0 | H20: =B20-E20 -> 990.5
A21: NOIR MP | B21: =+'2510'!H21 -> 2464.6 | D21: KG | F21: 333.04 | G21: =E21*F21 -> 0 | H21: =B21-E21 -> 2464.6
A22: ROUGE MP | B22: =+'2510'!H22 -> 1277.25 | D22: KG | F22: 714.82 | G22: =E22*F22 -> 0 | H22: =B22-E22 -> 1277.25
A23: BLANC MP | B23: =+'2510'!H23 -> 230 | D23: KG | F23: 487.38 | G23: =E23*F23 -> 0 | H23: =B23-E23 -> 230
A24: ORANGE MP | B24: =+'2510'!H24 -> 976.27 | D24: KG | E24: 1.228 | F24: 844.79 | G24: =E24*F24 -> 1037.4021 | H24: =B24-E24 -> 975.042
A25: VERT MP | B25: =+'2510'!H25 -> 1104 | D25: KG | F25: 901.65 | G25: =E25*F25 -> 0 | H25: =B25-E25 -> 1104
A26: VIOLET MP | B26: =+'2510'!H26 -> 240.88 | D26: KG | F26: 877.28 | G26: =E26*F26 -> 0 | H26: =B26-E26 -> 240.88
A27: VERNICH GLOSS | B27: =+'2510'!H27 -> 1070.7 | D27: KG | E27: 9.69 | F27: 300.55 | G27: =E27*F27 -> 2912.3295 | H27: =B27-E27 -> 1061.01
A28: VERNICH CX3 | B28: =+'2510'!H28 -> 14837.18 | D28: KG | F28: 178.7 | G28: =E28*F28 -> 0 | H28: =B28-E28 -> 14837.18
A29: JAUNE 109 | B29: =+'2510'!H29 -> 19 | D29: KG | G29: =E29*F29 -> 0 | H29: =B29-E29 -> 19
A30: JAUNE PROCESS | B30: =+'2510'!H30 -> 0 | D30: KG | G30: =E30*F30 -> 0 | H30: =B30-E30 -> 0
A31: BLEU CYAN | B31: =+'2510'!H31 -> 100 | D31: KG | G31: =E31*F31 -> 0 | H31: =B31-E31 -> 100
A32: BLEU CYAN C | B32: =+'2510'!H32 -> 60 | D32: KG | G32: =E32*F32 -> 0 | H32: =B32-E32 -> 60
A33: BLEU REFLEX | B33: =+'2510'!H33 -> 149 | D33: KG | G33: =E33*F33 -> 0 | H33: =B33-E33 -> 149
A34: BLEU 295 C | B34: =+'2510'!H34 -> 20 | D34: KG | G34: =E34*F34 -> 0 | H34: =B34-E34 -> 20
A35: BLEU BADIRA C | B35: =+'2510'!H35 -> 40 | D35: KG | G35: =E35*F35 -> 0 | H35: =B35-E35 -> 40
A36: BLEU 2765 C | B36: =+'2510'!H36 -> 60 | D36: KG | G36: =E36*F36 -> 0 | H36: =B36-E36 -> 60
A37: BLEU 3557 | B37: =+'2510'!H37 -> 60 | D37: KG | G37: =E37*F37 -> 0 | H37: =B37-E37 -> 60
A38: MARRON 7570 | B38: =+'2510'!H38 -> 100 | D38: KG | G38: =E38*F38 -> 0 | H38: =B38-E38 -> 100
A39: MARRON 876 | B39: =+'2510'!H39 -> 20 | D39: KG | G39: =E39*F39 -> 0 | H39: =B39-E39 -> 20
A40: MARRON 476 | B40: =+'2510'!H40 -> 20 | D40: KG | G40: =E40*F40 -> 0 | H40: =B40-E40 -> 20
... A46: ROUGE 3546 | B46: =+'2510'!H46 -> 83 | D46: KG | G46: =E46*F46 -> 0 | H46: =B46-E46 -> 83
A47: ROUGE 2347 | B47: =+'2510'!H47 -> 100 | D47: KG | E47: 20 | G47: =E47*F47 -> 0 | H47: =B47-E47 -> 80
A48: ROUGE SIPA | B48: =+'2510'!H48 -> 40 | D48: KG | G48: =E48*F48 -> 0 | H48: =B48-E48 -> 40
A49: ROSE | B49: =+'2510'!H49 -> 120 | D49: KG | G49: =E49*F49 -> 0 | H49: =B49-E49 -> 120
A50: VERT 375 | B50: =+'2510'!H50 -> 60 | D50: KG | E50: 20 | G50: =E50*F50 -> 0 | H50: =B50-E50 -> 40
A51: VERT 356 | B51: =+'2510'!H51 -> 199 | D51: KG | G51: =E51*F51 -> 0 | H51: =B51-E51 -> 199
A52: VERT 356 C | B52: =+'2510'!H52 -> 34 | D52: KG | E52: 34 | G52: =E52*F52 -> 0 | H52: =B52-E52 -> 0
A53: VERT 342 | B53: =+'2510'!H53 -> 80 | D53: KG | G53: =E53*F53 -> 0 | H53: =B53-E53 -> 80
A54: VERT 342 C | B54: 17 | D54: KG | G54: =E54*F54 -> 0 | H54: =B54-E54 -> 17
A55: MAGENTA | B55: =+'2510'!H54 -> 180 | D55: KG | G55: =E55*F55 -> 0 | H55: =B55-E55 -> 180
A56: GOLD 4007 | B56: =+'2510'!H55 -> 80 | D56: KG | G56: =E56*F56 -> 0 | H56: =B56-E56 -> 80
A57: GOLD 872 | B57: =+'2510'!H56 -> 20 | D57: KG | G57: =E57*F57 -> 0 | H57: =B57-E57 -> 20
A58: GRIS877 | B58: =+'2510'!H57 -> 100 | D58: KG | G58: =E58*F58 -> 0 | H58: =B58-E58 -> 100
A59: GRIS07 | B59: =+'2510'!H58 -> 40 | D59: KG | G59: =E59*F59 -> 0 | H59: =B59-E59 -> 40
A60: GRIS ARGANT | B60: =+'2510'!H59 -> 60 | D60: KG | G60: =E60*F60 -> 0 | H60: =B60-E60 -> 60
A61: ORANGE 21 | B61: =+'2510'!H60 -> 100 | D61: KG | G61: =E61*F61 -> 0 | H61: =B61-E61 -> 100
A62: ORANGE 153 | B62: =+'2510'!H61 -> 20 | D62: KG | G62: =E62*F62 -> 0 | H62: =B62-E62 -> 20
A63: ORANGE 166 | B63: =+'2510'!H62 -> 80 | D63: KG | G63: =E63*F63 -> 0 | H63: =B63-E63 -> 80
A64: NOIR PROCESS | B64: =+'2510'!H63 -> 182 | D64: KG | E64: 40 | G64: =E64*F64 -> 0 | H64: =B64-E64 -> 142
A65: NOIR COUCHE | B65: =+'2510'!H64 -> 34 | D65: KG | G65: =E65*F65 -> 0 | H65: =B65-E65 -> 34
A66: P200 | B66: =+'2510'!H65 -> 40 | D66: KG | G66: =E66*F66 -> 0 | H66: =B66-E66 -> 40
B67: =+'2510'!H66 -> 0 | D67: KG | G67: =E67*F67 -> 0 | H67: =B67-E67 -> 0
B68: =+'2510'!H67 -> 0 | D68: KG | G68: =E68*F68 -> 0 | H68: =B68-E68 -> 0
A69: TOTAL | E69: =SUM(E4:E68) -> 1673.535

Sheet 2810
A2: DESCRIPTION | B2: 45958
B3: STOCK INT | C3: RECEPTION | D3: UNITE | E3: SORTIER | F3: PRIX | G3: VALEUR | H3: STOCK
A4: DOUBLE FACE | B4: =+'2710'!H4 -> 47 | D4: ROULEAU | E4: 6 | F4: 230.62 | G4: =E4*F4 -> 1383.72 | H4: =B4-E4 -> 41
A5: SCOTCHE | B5: =+'2710'!H5 -> 69 | D5: ROULEAU | F5: 91.2 | G5: =E5*F5 -> 0 | H5: =B5-E5 -> 69
A6: FEUILLARD N12 | B6: =+'2710'!H6 -> 222 | D6: ROULEAU | E6: 1 | F6: 3500 | G6: =E6*F6 -> 3500 | H6: =B6-E6 -> 221
A7: FEUILLARD N5 | B7: =+'2710'!H7 -> 16 | D7: ROULEAU | E7: 1 | F7: 3300 | G7: =E7*F7 -> 3300 | H7: =B7-E7 -> 15
A8: CELOPHANE 7 | B8: =+'2710'!H8 -> 49 | D8: ROULEAU | F8: 1554.62 | G8: =E8*F8 -> 0 | H8: =B8-E8 -> 49
A9: CELOPHANE 16 | B9: =+'2710'!H9 -> 2396 | D9: KG | F9: 210 | G9: =E9*F9 -> 0 | H9: =B9-E9 -> 2396
A10: CELOPHANE 25 | B10: =+'2710'!H10 -> 24 | D10: KG | G10: =E10*F10 -> 0 | H10: =B10-E10 -> 24
A11: COLLE | B11: =+'2710'!H11 -> 1230 | D11: KG | E11: 60 | F11: 290 | G11: =E11*F11 -> 17400 | H11: =B11-E11 -> 1170
A12: SEL | B12: =+'2710'!H12 -> 2825 | D12: KG | F12: 49.5 | G12: =E12*F12 -> 0 | H12: =B12-E12 -> 2825
A13: BORAX | B13: =+'2710'!H13 -> 400 | D13: KG | F13: 285 | G13: =E13*F13 -> 0 | H13: =B13-E13 -> 400
A14: AMIDON | B14: =+'2710'!H14 -> 61525 | D14: KG | E14: =70*25 -> 1750 | F14: 93 | G14: =E14*F14 -> 162750 | H14: =B14-E14 -> 59775
A15: SOUDE | B15: =+'2710'!H15 -> 2398 | D15: KG | E15: 56 | F15: 67.23 | G15: =E15*F15 -> 3764.88 | H15: =B15-E15 -> 2342
A16: ANALYFLIX | B16: =+'2710'!H16 -> 325 | D16: L | F16: 480 | G16: =E16*F16 -> 0 | H16: =B16-E16 -> 325
A17: FIL RECUIT | B17: =+'2710'!H17 -> 26 | D17: ROULEAU | G17: =E17*F17 -> 0 | H17: =B17-E17 -> 26
A18: JAUNE MP | B18: =+'2710'!H18 -> 1547.223 | D18: KG | F18: 877.28 | G18: =E18*F18 -> 0 | H18: =B18-E18 -> 1547.223
A19: BLUE MP | B19: =+'2710'!H19 -> 356.11 | D19: KG | F19: 601.1 | G19: =E19*F19 -> 0 | H19: =B19-E19 -> 356.11
A20: MAGENTA MP | B20: =+'2710'!H20 -> 990.5 | D20: KG | F20: 568.61 | G20: =E20*F20 -> 0 | H20: =B20-E20 -> 990.5
A21: NOIR MP | B21: =+'2710'!H21 -> 2464.6 | D21: KG | F21: 333.04 | G21: =E21*F21 -> 0 | H21: =B21-E21 -> 2464.6
A22: ROUGE MP | B22: =+'2710'!H22 -> 1277.25 | D22: KG | F22: 714.82 | G22: =E22*F22 -> 0 | H22: =B22-E22 -> 1277.25
A23: BLANC MP | B23: =+'2710'!H23 -> 230 | D23: KG | F23: 487.38 | G23: =E23*F23 -> 0 | H23: =B23-E23 -> 230
A24: ORANGE MP | B24: =+'2710'!H24 -> 975.042 | D24: KG | F24: 844.79 | G24: =E24*F24 -> 0 | H24: =B24-E24 -> 975.042
A25: VERT MP | B25: =+'2710'!H25 -> 1104 | D25: KG | F25: 901.65 | G25: =E25*F25 -> 0 | H25: =B25-E25 -> 1104
A26: VIOLET MP | B26: =+'2710'!H26 -> 240.88 | D26: KG | F26: 877.28 | G26: =E26*F26 -> 0 | H26: =B26-E26 -> 240.88
A27: VERNICH GLOSS | B27: =+'2710'!H27 -> 1061.01 | D27: KG | F27: 300.55 | G27: =E27*F27 -> 0 | H27: =B27-E27 -> 1061.01
A28: VERNICH CX3 | B28: =+'2710'!H28 -> 14837.18 | D28: KG | F28: 178.7 | G28: =E28*F28 -> 0 | H28: =B28-E28 -> 14837.18
A29: JAUNE 109 | B29: =+'2710'!H29 -> 19 | D29: KG | G29: =E29*F29 -> 0 | H29: =B29-E29 -> 19
A30: JAUNE PROCESS | B30: =+'2710'!H30 -> 0 | D30: KG | G30: =E30*F30 -> 0 | H30: =B30-E30 -> 0
A31: BLEU CYAN | B31: =+'2710'!H31 -> 100 | D31: KG | G31: =E31*F31 -> 0 | H31: =B31-E31 -> 100
A32: BLEU CYAN C | B32: =+'2710'!H32 -> 60 | D32: KG | G32: =E32*F32 -> 0 | H32: =B32-E32 -> 60
A33: BLEU REFLEX | B33: =+'2710'!H33 -> 149 | D33: KG | G33: =E33*F33 -> 0 | H33: =B33-E33 -> 149
A34: BLEU 295 C | B34: =+'2710'!H34 -> 20 | D34: KG | G34: =E34*F34 -> 0 | H34: =B34-E34 -> 20
A35: BLEU BADIRA C | B35: =+'2710'!H35 -> 40 | D35: KG | G35: =E35*F35 -> 0 | H35: =B35-E35 -> 40
A36: BLEU 2765 C | B36: =+'2710'!H36 -> 60 | D36: KG | G36: =E36*F36 -> 0 | H36: =B36-E36 -> 60
A37: BLEU 3557 | B37: =+'2710'!H37 -> 60 | D37: KG | G37: =E37*F37 -> 0 | H37: =B37-E37 -> 60
A38: MARRON 7570 | B38: =+'2710'!H38 -> 100 | D38: KG | G38: =E38*F38 -> 0 | H38: =B38-E38 -> 100
A39: MARRON 876 | B39: =+'2710'!H39 -> 20 | D39: KG | G39: =E39*F39 -> 0 | H39: =B39-E39 -> 20
A40: MARRON 476 | B40: =+'2710'!H40 -> 20 | D40: KG | G40: =E40*F40 -> 0 | H40: =B40-E40 -> 20
... A42: MARRON 7502 | B42: =+'2710'!H42 -> 100 | D42: KG | G42: =E42*F42 -> 0 | H42: =B42-E42 -> 100
A43: MARRON FONCE | B43: =+'2710'!H43 -> 40 | D43: KG | E43: 20 | G43: =E43*F43 -> 0 | H43: =B43-E43 -> 20
A44: VIOLET 254 | B44: =+'2710'!H44 -> 20 | D44: KG | G44: =E44*F44 -> 0 | H44: =B44-E44 -> 20
A45: VIOLET 2371 | B45: =+'2710'!H45 -> 160 | D45: KG | G45: =E45*F45 -> 0 | H45: =B45-E45 -> 160
A46: ROUGE 3546 | B46: =+'2710'!H46 -> 83 | D46: KG | G46: =E46*F46 -> 0 | H46: =B46-E46 -> 83
A47: ROUGE 2347 | B47: =+'2710'!H47 -> 80 | D47: KG | E47: 20 | G47: =E47*F47 -> 0 | H47: =B47-E47 -> 60
A48: ROUGE SIPA | B48: =+'2710'!H48 -> 40 | D48: KG | G48: =E48*F48 -> 0 | H48: =B48-E48 -> 40
A49: ROSE | B49: =+'2710'!H49 -> 120 | D49: KG | G49: =E49*F49 -> 0 | H49: =B49-E49 -> 120
A50: VERT 375 | B50: =+'2710'!H50 -> 40 | D50: KG | E50: 20 | G50: =E50*F50 -> 0 | H50: =B50-E50 -> 20
A51: VERT 356 | B51: =+'2710'!H51 -> 199 | D51: KG | G51: =E51*F51 -> 0 | H51: =B51-E51 -> 199
A52: VERT 356 C | B52: =+'2710'!H52 -> 0 | D52: KG | G52: =E52*F52 -> 0 | H52: =B52-E52 -> 0
A53: VERT 342 | B53: =+'2710'!H53 -> 80 | D53: KG | G53: =E53*F53 -> 0 | H53: =B53-E53 -> 80
A54: VERT 342 C | B54: =+'2710'!H54 -> 17 | D54: KG | G54: =E54*F54 -> 0 | H54: =B54-E54 -> 17
A55: MAGENTA | B55: =+'2710'!H55 -> 180 | D55: KG | G55: =E55*F55 -> 0 | H55: =B55-E55 -> 180
A56: GOLD 4007 | B56: =+'2710'!H56 -> 80 | D56: KG | G56: =E56*F56 -> 0 | H56: =B56-E56 -> 80
A57: GOLD 872 | B57: =+'2710'!H57 -> 20 | D57: KG | G57: =E57*F57 -> 0 | H57: =B57-E57 -> 20
A58: GRIS877 | B58: =+'2710'!H58 -> 100 | D58: KG | G58: =E58*F58 -> 0 | H58: =B58-E58 -> 100
A59: GRIS07 | B59: =+'2710'!H59 -> 40 | D59: KG | G59: =E59*F59 -> 0 | H59: =B59-E59 -> 40
A60: GRIS ARGANT | B60: =+'2710'!H60 -> 60 | D60: KG | G60: =E60*F60 -> 0 | H60: =B60-E60 -> 60
A61: ORANGE 21 | B61: =+'2710'!H61 -> 100 | D61: KG | G61: =E61*F61 -> 0 | H61: =B61-E61 -> 100
A62: ORANGE 153 | B62: =+'2710'!H62 -> 20 | D62: KG | G62: =E62*F62 -> 0 | H62: =B62-E62 -> 20
A63: ORANGE 166 | B63: =+'2710'!H63 -> 80 | D63: KG | G63: =E63*F63 -> 0 | H63: =B63-E63 -> 80
A64: NOIR PROCESS | B64: =+'2710'!H64 -> 142 | D64: KG | E64: 17 | G64: =E64*F64 -> 0 | H64: =B64-E64 -> 125
A65: NOIR COUCHE | B65: =+'2710'!H65 -> 34 | D65: KG | G65: =E65*F65 -> 0 | H65: =B65-E65 -> 34
A66: P200 | B66: =+'2710'!H66 -> 40 | D66: KG | G66: =E66*F66 -> 0 | H66: =B66-E66 -> 40
B67: =+'2710'!H67 -> 0 | D67: KG | G67: =E67*F67 -> 0 | H67: =B67-E67 -> 0
B68: =+'2710'!H68 -> 0 | D68: KG | G68: =E68*F68 -> 0 | H68: =B68-E68 -> 0
A69: TOTAL | E69: =SUM(E4:E68) -> 1951

Sheet 2910
A2: DESCRIPTION | B2: 45959
B3: STOCK INT | C3: RECEPTION | D3: UNITE | E3: SORTIER | F3: PRIX | G3: VALEUR | H3: STOCK
A4: DOUBLE FACE | B4: =+'2810'!H4 -> 41 | D4: ROULEAU | E4: 3 | F4: 230.62 | G4: =E4*F4 -> 691.86 | H4: =B4-E4 -> 38
A5: SCOTCHE | B5: =+'2810'!H5 -> 69 | D5: ROULEAU | E5: 3 | F5: 91.2 | G5: =E5*F5 -> 273.6 | H5: =B5-E5 -> 66
A6: FEUILLARD N12 | B6: =+'2810'!H6 -> 221 | D6: ROULEAU | E6: 2 | F6: 3500 | G6: =E6*F6 -> 7000 | H6: =B6-E6 -> 219
A7: FEUILLARD N5 | B7: =+'2810'!H7 -> 15 | D7: ROULEAU | E7: 1 | F7: 3300 | G7: =E7*F7 -> 3300 | H7: =B7-E7 -> 14
A8: CELOPHANE 7 | B8: =+'2810'!H8 -> 49 | D8: ROULEAU | E8: 1 | F8: 1554.62 | G8: =E8*F8 -> 1554.62 | H8: =B8-E8 -> 48
A9: CELOPHANE 16 | B9: =+'2810'!H9 -> 2396 | D9: KG | E9: 48 | F9: 210 | G9: =E9*F9 -> 10080 | H9: =B9-E9 -> 2348
A10: CELOPHANE 25 | B10: =+'2810'!H10 -> 24 | D10: KG | G10: =E10*F10 -> 0 | H10: =B10-E10 -> 24
A11: COLLE | B11: =+'2810'!H11 -> 1170 | D11: KG | F11: 290 | G11: =E11*F11 -> 0 | H11: =B11-E11 -> 1170
A12: SEL | B12: =+'2810'!H12 -> 2825 | D12: KG | E12: 100 | F12: 49.5 | G12: =E12*F12 -> 4950 | H12: =B12-E12 -> 2725
A13: BORAX | B13: =+'2810'!H13 -> 400 | D13: KG | F13: 285 | G13: =E13*F13 -> 0 | H13: =B13-E13 -> 400
A14: AMIDON | B14: =+'2810'!H14 -> 59775 | D14: KG | E14: =20*25 -> 500 | F14: 93 | G14: =E14*F14 -> 46500 | H14: =B14-E14 -> 59275
A15: SOUDE | B15: =+'2810'!H15 -> 2342 | D15: KG | E15: 56 | F15: 67.23 | G15: =E15*F15 -> 3764.88 | H15: =B15-E15 -> 2286
A16: ANALYFLIX | B16: =+'2810'!H16 -> 325 | D16: KG | F16: 480 | G16: =E16*F16 -> 0 | H16: =B16-E16 -> 325
A17: FIL RECUIT | B17: =+'2810'!H17 -> 26 | D17: ROULEAU | G17: =E17*F17 -> 0 | H17: =B17-E17 -> 26
A18: JAUNE MP | B18: =+'2810'!H18 -> 1547.223 | D18: KG | F18: 877.28 | G18: =E18*F18 -> 0 | H18: =B18-E18 -> 1547.223
A19: BLUE MP | B19: =+'2810'!H19 -> 356.11 | D19: KG | E19: =4.029 -> 4.029 | F19: 601.1 | G19: =E19*F19 -> 2421.8319 | H19: =B19-E19 -> 352.081
A20: MAGENTA MP | B20: =+'2810'!H20 -> 990.5 | D20: KG | F20: 568.61 | G20: =E20*F20 -> 0 | H20: =B20-E20 -> 990.5
A21: NOIR MP | B21: =+'2810'!H21 -> 2464.6 | D21: KG | E21: =1.831 -> 1.831 | F21: 333.04 | G21: =E21*F21 -> 609.79624 | H21: =B21-E21 -> 2462.769
A22: ROUGE MP | B22: =+'2810'!H22 -> 1277.25 | D22: KG | F22: 714.82 | G22: =E22*F22 -> 0 | H22: =B22-E22 -> 1277.25
A23: BLANC MP | B23: =+'2810'!H23 -> 230 | D23: KG | F23: 487.38 | G23: =E23*F23 -> 0 | H23: =B23-E23 -> 230
A24: ORANGE MP | B24: =+'2810'!H24 -> 975.042 | D24: KG | F24: 844.79 | G24: =E24*F24 -> 0 | H24: =B24-E24 -> 975.042
A25: VERT MP | B25: =+'2810'!H25 -> 1104 | D25: KG | F25: 901.65 | G25: =E25*F25 -> 0 | H25: =B25-E25 -> 1104
A26: VIOLET MP | B26: =+'2810'!H26 -> 240.88 | D26: KG | E26: =5.86 -> 5.86 | F26: 877.28 | G26: =E26*F26 -> 5140.8608 | H26: =B26-E26 -> 235.02
A27: VERNICH GLOSS | B27: =+'2810'!H27 -> 1061.01 | D27: KG | F27: 300.55 | G27: =E27*F27 -> 0 | H27: =B27-E27 -> 1061.01
A28: VERNICH CX3 | B28: =+'2810'!H28 -> 14837.18 | D28: KG | E28: =4.759 -> 4.759 | F28: 178.7 | G28: =E28*F28 -> 850.4333 | H28: =B28-E28 -> 14832.421
A29: JAUNE 109 | B29: =+'2810'!H29 -> 19 | D29: KG | G29: =E29*F29 -> 0 | H29: =B29-E29 -> 19
A30: JAUNE PROCESS | B30: =+'2810'!H30 -> 0 | D30: KG | G30: =E30*F30 -> 0 | H30: =B30-E30 -> 0
A31: BLEU CYAN | B31: =+'2810'!H31 -> 100 | D31: KG | G31: =E31*F31 -> 0 | H31: =B31-E31 -> 100
A32: BLEU CYAN C | B32: =+'2810'!H32 -> 60 | D32: KG | G32: =E32*F32 -> 0 | H32: =B32-E32 -> 60
A33: BLEU REFLEX | B33: =+'2810'!H33 -> 149 | D33: KG | G33: =E33*F33 -> 0 | H33: =B33-E33 -> 149
A34: BLEU 295 C | B34: =+'2810'!H34 -> 20 | D34: KG | E34: 20 | G34: =E34*F34 -> 0 | H34: =B34-E34 -> 0
A35: BLEU BADIRA C | B35: =+'2810'!H35 -> 40 | D35: KG | G35: =E35*F35 -> 0 | H35: =B35-E35 -> 40
A36: BLEU BADIRA | B36: 17 | D36: KG | G36: =E36*F36 -> 0 | H36: =B36-E36 -> 17
A37: BLEU 2765 C | B37: =+'2810'!H36 -> 60 | D37: KG | E37: 20 | G37: =E37*F37 -> 0 | H37: =B37-E37 -> 40
A38: BLEU 3557 | B38: =+'2810'!H37 -> 60 | D38: KG | G38: =E38*F38 -> 0 | H38: =B38-E38 -> 60
A39: MARRON 7570 | B39: =+'2810'!H38 -> 100 | D39: KG | G39: =E39*F39 -> 0 | H39: =B39-E39 -> 100
A40: MARRON 876 | B40: =+'2810'!H39 -> 20 | D40: KG | G40: =E40*F40 -> 0 | H40: =B40-E40 -> 20
A41: MARRON 476 | B41: =+'2810'!H40 -> 20 | D41: KG | G41: =E41*F41 -> 0 | H41: =B41-E41 -> 20
A42: MARRON BEJE | B42: =+'2810'!H41 -> 40 | D42: KG | G42: =E42*F42 -> 0 | H42: =B42-E42 -> 40
A43: MARRON 7502 | B43: =+'2810'!H42 -> 100 | D43: KG | G43: =E43*F43 -> 0 | H43: =B43-E43 -> 100
A44: MARRON FONCE | B44: =+'2810'!H43 -> 20 | D44: KG | G44: =E44*F44 -> 0 | H44: =B44-E44 -> 20
A45: VIOLET 254 | B45: =+'2810'!H44 -> 20 | D45: KG | G45: =E45*F45 -> 0 | H45: =B45-E45 -> 20
A46: VIOLET 2371 | B46: =+'2810'!H45 -> 160 | D46: KG | G46: =E46*F46 -> 0 | H46: =B46-E46 -> 160
A47: ROUGE 3546 | B47: =+'2810'!H46 -> 83 | D47: KG | G47: =E47*F47 -> 0 | H47: =B47-E47 -> 83
A48: ROUGE 2347 | B48: =+'2810'!H47 -> 60 | D48: KG | G48: =E48*F48 -> 0 | H48: =B48-E48 -> 60
A49: ROUGE SIPA | B49: =+'2810'!H48 -> 40 | D49: KG | G49: =E49*F49 -> 0 | H49: =B49-E49 -> 40
... A52: VERT 356 | B52: =+'2810'!H51 -> 199 | D52: KG | G52: =E52*F52 -> 0 | H52: =B52-E52 -> 199
A53: VERT 356 C | B53: 0 | D53: KG | G53: =E53*F53 -> 0 | H53: =B53-E53 -> 0
A54: VERT 342 | B54: =+'2810'!H53 -> 80 | D54: KG | E54: 20 | G54: =E54*F54 -> 0 | H54: =B54-E54 -> 60
A55: VERT 342 C | B55: =+'2810'!H54 -> 17 | D55: KG | G55: =E55*F55 -> 0 | H55: =B55-E55 -> 17
A56: MAGENTA | B56: =+'2810'!H55 -> 180 | D56: KG | G56: =E56*F56 -> 0 | H56: =B56-E56 -> 180
A57: GOLD 4007 | B57: =+'2810'!H56 -> 80 | D57: KG | G57: =E57*F57 -> 0 | H57: =B57-E57 -> 80
A58: GOLD 872 | B58: =+'2810'!H57 -> 20 | D58: KG | G58: =E58*F58 -> 0 | H58: =B58-E58 -> 20
A59: GRIS877 | B59: =+'2810'!H58 -> 100 | D59: KG | G59: =E59*F59 -> 0 | H59: =B59-E59 -> 100
A60: GRIS07 | B60: =+'2810'!H59 -> 40 | D60: KG | G60: =E60*F60 -> 0 | H60: =B60-E60 -> 40
A61: GRIS ARGANT | B61: =+'2810'!H60 -> 60 | D61: KG | G61: =E61*F61 -> 0 | H61: =B61-E61 -> 60
A62: ORANGE 21 | B62: =+'2810'!H61 -> 100 | D62: KG | G62: =E62*F62 -> 0 | H62: =B62-E62 -> 100
A63: ORANGE 153 | B63: =+'2810'!H62 -> 20 | D63: KG | G63: =E63*F63 -> 0 | H63: =B63-E63 -> 20
A64: ORANGE 166 | B64: =+'2810'!H63 -> 80 | D64: KG | G64: =E64*F64 -> 0 | H64: =B64-E64 -> 80
A65: NOIR PROCESS | B65: =+'2810'!H64 -> 125 | D65: KG | G65: =E65*F65 -> 0 | H65: =B65-E65 -> 125
A66: NOIR COUCHE | B66: =+'2810'!H65 -> 34 | D66: KG | G66: =E66*F66 -> 0 | H66: =B66-E66 -> 34
A67: P200 | B67: =+'2810'!H66 -> 40 | D67: KG | G67: =E67*F67 -> 0 | H67: =B67-E67 -> 40
B68: =+'2810'!H67 -> 0 | D68: KG | G68: =E68*F68 -> 0 | H68: =B68-E68 -> 0
B69: =+'2810'!H68 -> 0 | D69: KG | G69: =E69*F69 -> 0 | H69: =B69-E69 -> 0
A70: TOTAL

Sheet 3010
A2: DESCRIPTION | B2: 45960
B3: STOCK INT | C3: RECEPTION | D3: UNITE | E3: SORTIER | F3: PRIX | G3: VALEUR | H3: STOCK
A4: DOUBLE FACE | B4: =+'2910'!H4 -> 38 | D4: ROULEAU | E4: 6 | F4: 230.62 | G4: =E4*F4 -> 1383.72 | H4: =B4-E4 -> 32
A5: SCOTCHE | B5: =+'2910'!H5 -> 66 | D5: ROULEAU | E5: 5 | F5: 91.2 | G5: =E5*F5 -> 456 | H5: =B5-E5 -> 61
A6: FEUILLARD N12 | B6: =+'2910'!H6 -> 219 | D6: ROULEAU | E6: 3 | F6: 3500 | G6: =E6*F6 -> 10500 | H6: =B6-E6 -> 216
A7: FEUILLARD N5 | B7: =+'2910'!H7 -> 14 | D7: ROULEAU | E7: 3 | F7: 3300 | G7: =E7*F7 -> 9900 | H7: =B7-E7 -> 11
A8: CELOPHANE 7 | B8: =+'2910'!H8 -> 48 | D8: ROULEAU | F8: 1554.62 | G8: =E8*F8 -> 0 | H8: =B8-E8 -> 48
A9: CELOPHANE 16 | B9: =+'2910'!H9 -> 2348 | D9: KG | F9: 210 | G9: =E9*F9 -> 0 | H9: =B9-E9 -> 2348
A10: CELOPHANE 25 | B10: =+'2910'!H10 -> 24 | D10: KG | G10: =E10*F10 -> 0 | H10: =B10-E10 -> 24
A11: COLLE | B11: =+'2910'!H11 -> 1170 | D11: KG | E11: 60 | F11: 290 | G11: =E11*F11 -> 17400 | H11: =B11-E11 -> 1110
A12: SEL | B12: =+'2910'!H12 -> 2725 | D12: KG | F12: 49.5 | G12: =E12*F12 -> 0 | H12: =B12-E12 -> 2725
A13: BORAX | B13: =+'2910'!H13 -> 400 | D13: KG | F13: 285 | G13: =E13*F13 -> 0 | H13: =B13-E13 -> 400
A14: AMIDON | B14: =+'2910'!H14 -> 59275 | D14: KG | E14: =30*25 -> 750 | F14: 93 | G14: =E14*F14 -> 69750 | H14: =B14-E14 -> 58525
A15: SOUDE | B15: =+'2910'!H15 -> 2286 | D15: KG | E15: 56 | F15: 67.23 | G15: =E15*F15 -> 3764.88 | H15: =B15-E15 -> 2230
A16: ANALYFLIX | B16: =+'2910'!H16 -> 325 | D16: KG | F16: 480 | G16: =E16*F16 -> 0 | H16: =B16-E16 -> 325
A17: FIL RECUIT | B17: =+'2910'!H17 -> 26 | D17: ROULEAU | G17: =E17*F17 -> 0 | H17: =B17-E17 -> 26
A18: JAUNE MP | B18: =+'2910'!H18 -> 1547.223 | D18: KG | E18: 12.53 | F18: 877.28 | G18: =E18*F18 -> 10992.318 | H18: =B18-E18 -> 1534.693
A19: BLUE MP | B19: =+'2910'!H19 -> 352.081 | D19: KG | E19: 7.11 | F19: 601.1 | G19: =E19*F19 -> 4273.821 | H19: =B19-E19 -> 344.971
A20: MAGENTA MP | B20: =+'2910'!H20 -> 990.5 | D20: KG | E20: 0.28 | F20: 568.61 | G20: =E20*F20 -> 159.2108 | H20: =B20-E20 -> 990.22
A21: NOIR MP | B21: =+'2910'!H21 -> 2462.769 | D21: KG | E21: 0.4 | F21: 333.04 | G21: =E21*F21 -> 133.216 | H21: =B21-E21 -> 2462.369
A22: ROUGE MP | B22: =+'2910'!H22 -> 1277.25 | D22: KG | E22: 14.72 | F22: 714.82 | G22: =E22*F22 -> 10522.15 | H22: =B22-E22 -> 1262.53
A23: BLANC MP | B23: =+'2910'!H23 -> 230 | D23: KG | F23: 487.38 | G23: =E23*F23 -> 0 | H23: =B23-E23 -> 230
A24: ORANGE MP | B24: =+'2910'!H24 -> 975.042 | D24: KG | E24: 0.39 | F24: 844.79 | G24: =E24*F24 -> 329.4681 | H24: =B24-E24 -> 974.652
A25: VERT MP | B25: =+'2910'!H25 -> 1104 | D25: KG | F25: 901.65 | G25: =E25*F25 -> 0 | H25: =B25-E25 -> 1104
A26: VIOLET MP | B26: =+'2910'!H26 -> 235.02 | D26: KG | E26: 5.98 | F26: 877.28 | G26: =E26*F26 -> 5246.1344 | H26: =B26-E26 -> 229.04
A27: VERNICH GLOSS | B27: =+'2910'!H27 -> 1061.01 | D27: KG | E27: 91.2 | F27: 300.55 | G27: =E27*F27 -> 27410.16 | H27: =B27-E27 -> 969.81
A28: VERNICH CX3 | B28: =+'2910'!H28 -> 14832.421 | D28: KG | E28: 16.55 | F28: 178.7 | G28: =E28*F28 -> 2957.485 | H28: =B28-E28 -> 14815.871
A29: JAUNE 109 | B29: =+'2910'!H29 -> 19 | D29: KG | G29: =E29*F29 -> 0 | H29: =B29-E29 -> 19
A30: JAUNE 4018 | B30: 20 | D30: KG | E30: 20 | G30: =E30*F30 -> 0 | H30: =B30-E30 -> 0
A31: JAUNE PROCESS | B31: =+'2910'!H30 -> 0 | D31: KG | G31: =E31*F31 -> 0 | H31: =B31-E31 -> 0
A32: JAUNE PROCESS C | B32: 40 | D32: KG | G32: =E32*F32 -> 0 | H32: =B32-E32 -> 40
A33: BLEU CYAN | B33: =+'2910'!H31 -> 100 | D33: KG | G33: =E33*F33 -> 0 | H33: =B33-E33 -> 100
A34: BLEU CYAN C | B34: =+'2910'!H32 -> 60 | D34: KG | G34: =E34*F34 -> 0 | H34: =B34-E34 -> 60
A35: BLEU REFLEX | B35: =+'2910'!H33 -> 149 | D35: KG | E35: 17 | G35: =E35*F35 -> 0 | H35: =B35-E35 -> 132
A36: BLEU REFLEX COUCHE | B36: 60 | D36: KG | G36: =E36*F36 -> 0 | H36: =B36-E36 -> 60
A37: BLEU 295 C | B37: =+'2910'!H34 -> 0 | D37: KG | G37: =E37*F37 -> 0 | H37: =B37-E37 -> 0
A38: BLEU BADIRA C | B38: =+'2910'!H35 -> 40 | D38: KG | G38: =E38*F38 -> 0 | H38: =B38-E38 -> 40
A39: BLEU BADIRA | B39: =+'2910'!H36 -> 17 | D39: KG | G39: =E39*F39 -> 0 | H39: =B39-E39 -> 17
A40: BLEU 2765 C | B40: =+'2910'!H37 -> 40 | D40: KG | G40: =E40*F40 -> 0 | H40: =B40-E40 -> 40
A41: BLEU 3557 | B41: =+'2910'!H38 -> 60 | D41: KG | G41: =E41*F41 -> 0 | H41: =B41-E41 -> 60
A42: MARRON 7570 | B42: =+'2910'!H39 -> 100 | D42: KG | G42: =E42*F42 -> 0 | H42: =B42-E42 -> 100
A43: MARRON 876 | B43: =+'2910'!H40 -> 20 | D43: KG | G43: =E43*F43 -> 0 | H43: =B43-E43 -> 20
A44: MARRON 476 | B44: =+'2910'!H41 -> 20 | D44: KG | G44: =E44*F44 -> 0 | H44: =B44-E44 -> 20
A45: MARRON BEJE | B45: =+'2910'!H42 -> 40 | D45: KG | G45: =E45*F45 -> 0 | H45: =B45-E45 -> 40
A46: MARRON 7502 | B46: =+'2910'!H43 -> 100 | D46: KG | G46: =E46*F46 -> 0 | H46: =B46-E46 -> 100
A47: MARRON FONCE | B47: =+'2910'!H44 -> 20 | D47: KG | G47: =E47*F47 -> 0 | H47: =B47-E47 -> 20
A48: VIOLET 254 | B48: =+'2910'!H45 -> 20 | D48: KG | G48: =E48*F48 -> 0 | H48: =B48-E48 -> 20
... A52: ROUGE 2347 COUCHE | B52: =+'2910'!H49 -> 40 | D52: KG | G52: =E52*F52 -> 0 | H52: =B52-E52 -> 40
A53: ROUGE SIPA | B53: =+'2910'!H49 -> 40 | D53: KG | G53: =E53*F53 -> 0 | H53: =B53-E53 -> 40
A54: ROSE | B54: =+'2910'!H50 -> 120 | D54: KG | G54: =E54*F54 -> 0 | H54: =B54-E54 -> 120
A55: VERT 375 | B55: =+'2910'!H51 -> 20 | D55: KG | G55: =E55*F55 -> 0 | H55: =B55-E55 -> 20
A56: VERT 356 | B56: =+'2910'!H52 -> 199 | D56: KG | G56: =E56*F56 -> 0 | H56: =B56-E56 -> 199
A57: VERT 356 C | B57: =+'2910'!H53 -> 0 | D57: KG | G57: =E57*F57 -> 0 | H57: =B57-E57 -> 0
A58: VERT 342 | B58: =+'2910'!H54 -> 60 | D58: KG | G58: =E58*F58 -> 0 | H58: =B58-E58 -> 60
A59: VERT 342 C | B59: =+'2910'!H55 -> 17 | D59: KG | G59: =E59*F59 -> 0 | H59: =B59-E59 -> 17
A60: MAGENTA | B60: =+'2910'!H56 -> 180 | D60: KG | G60: =E60*F60 -> 0 | H60: =B60-E60 -> 180
A61: GOLD 4007 | B61: =+'2910'!H57 -> 80 | D61: KG | G61: =E61*F61 -> 0 | H61: =B61-E61 -> 80
A62: GOLD 872 | B62: =+'2910'!H58 -> 20 | D62: KG | G62: =E62*F62 -> 0 | H62: =B62-E62 -> 20
A63: GRIS877 | B63: =+'2910'!H59 -> 100 | D63: KG | G63: =E63*F63 -> 0 | H63: =B63-E63 -> 100
A64: GRIS07 | B64: =+'2910'!H60 -> 40 | D64: KG | G64: =E64*F64 -> 0 | H64: =B64-E64 -> 40
... A67: ORANGE 153 | B67: =+'2910'!H63 -> 20 | D67: KG | G67: =E67*F67 -> 0 | H67: =B67-E67 -> 20
A68: ORANGE 166 | B68: =+'2910'!H64 -> 80 | D68: KG | E68: 20 | G68: =E68*F68 -> 0 | H68: =B68-E68 -> 60
A69: NOIR PROCESS | B69: =+'2910'!H65 -> 125 | D69: KG | G69: =E69*F69 -> 0 | H69: =B69-E69 -> 125
A70: NOIR COUCHE | B70: =+'2910'!H66 -> 34 | D70: KG | G70: =E70*F70 -> 0 | H70: =B70-E70 -> 34
A71: P200 | B71: =+'2910'!H67 -> 40 | D71: KG | G71: =E71*F71 -> 0 | H71: =B71-E71 -> 40
B72: =+'2910'!H68 -> 0 | D72: KG | G72: =E72*F72 -> 0 | H72: =B72-E72 -> 0 | I72: =948+114+77+60+57 -> 1256
B73: =+'2910'!H69 -> 0 | D73: KG | G73: =E73*F73 -> 0 | H73: =B73-E73 -> 0
A74: TOTAL

Sheet 0111
A2: DESCRIPTION | B2: 45962
B3: STOCK INT | C3: RECEPTION | D3: UNITE | E3: SORTIER | F3: PRIX | G3: VALEUR | H3: STOCK
A4: DOUBLE FACE | B4: =+'3010'!H4 -> 32 | D4: ROULEAU | F4: 230.62 | G4: =E4*F4 -> 0 | H4: =B4-E4 -> 32
A5: SCOTCHE | B5: =+'3010'!H5 -> 61 | D5: ROULEAU | F5: 91.2 | G5: =E5*F5 -> 0 | H5: =B5-E5 -> 61
A6: FEUILLARD N12 | B6: =+'3010'!H6 -> 216 | D6: ROULEAU | F6: 3500 | G6: =E6*F6 -> 0 | H6: =B6-E6 -> 216
A7: FEUILLARD N5 | B7: =+'3010'!H7 -> 11 | D7: ROULEAU | F7: 3300 | G7: =E7*F7 -> 0 | H7: =B7-E7 -> 11
A8: CELOPHANE 7 | B8: =+'3010'!H8 -> 48 | D8: ROULEAU | F8: 1554.62 | G8: =E8*F8 -> 0 | H8: =B8-E8 -> 48
A9: CELOPHANE 16 | B9: =+'3010'!H9 -> 2348 | D9: KG | E9: 32 | F9: 210 | G9: =E9*F9 -> 6720 | H9: =B9-E9 -> 2316
A10: CELOPHANE 25 | B10: =+'3010'!H10 -> 24 | D10: KG | G10: =E10*F10 -> 0 | H10: =B10-E10 -> 24
A11: COLLE | B11: =+'3010'!H11 -> 1110 | D11: KG | F11: 290 | G11: =E11*F11 -> 0 | H11: =B11-E11 -> 1110
A12: SEL | B12: =+'3010'!H12 -> 2725 | D12: KG | F12: 49.5 | G12: =E12*F12 -> 0 | H12: =B12-E12 -> 2725
A13: BORAX | B13: =+'3010'!H13 -> 400 | D13: KG | F13: 285 | G13: =E13*F13 -> 0 | H13: =B13-E13 -> 400
A14: AMIDON | B14: =+'3010'!H14 -> 58525 | D14: KG | E14: =70*25 -> 1750 | F14: 93 | G14: =E14*F14 -> 162750 | H14: =B14-E14 -> 56775
A15: SOUDE | B15: =+'3010'!H15 -> 2230 | D15: KG | E15: 98 | F15: 67.23 | G15: =E15*F15 -> 6588.54 | H15: =B15-E15 -> 2132
A16: ANALYFLIX | B16: =+'3010'!H16 -> 325 | D16: KG | F16: 480 | G16: =E16*F16 -> 0 | H16: =B16-E16 -> 325
A17: FIL RECUIT | B17: =+'3010'!H17 -> 26 | D17: ROULEAU | G17: =E17*F17 -> 0 | H17: =B17-E17 -> 26
A18: JAUNE MP | B18: =+'3010'!H18 -> 1534.693 | D18: KG | F18: 877.28 | G18: =E18*F18 -> 0 | H18: =B18-E18 -> 1534.693
A19: BLUE MP | B19: =+'3010'!H19 -> 344.971 | D19: KG | F19: 601.1 | G19: =E19*F19 -> 0 | H19: =B19-E19 -> 344.971
A20: MAGENTA MP | B20: =+'3010'!H20 -> 990.22 | D20: KG | F20: 568.61 | G20: =E20*F20 -> 0 | H20: =B20-E20 -> 990.22
A21: NOIR MP | B21: =+'3010'!H21 -> 2462.369 | D21: KG | F21: 333.04 | G21: =E21*F21 -> 0 | H21: =B21-E21 -> 2462.369
A22: ROUGE MP | B22: =+'3010'!H22 -> 1262.53 | D22: KG | F22: 714.82 | G22: =E22*F22 -> 0 | H22: =B22-E22 -> 1262.53
A23: BLANC MP | B23: =+'3010'!H23 -> 230 | D23: KG | F23: 487.38 | G23: =E23*F23 -> 0 | H23: =B23-E23 -> 230
A24: ORANGE MP | B24: =+'3010'!H24 -> 974.652 | D24: KG | F24: 844.79 | G24: =E24*F24 -> 0 | H24: =B24-E24 -> 974.652
A25: VERT MP | B25: =+'3010'!H25 -> 1104 | D25: KG | F25: 901.65 | G25: =E25*F25 -> 0 | H25: =B25-E25 -> 1104
A26: VIOLET MP | B26: =+'3010'!H26 -> 229.04 | D26: KG | F26: 877.28 | G26: =E26*F26 -> 0 | H26: =B26-E26 -> 229.04
A27: VERNICH GLOSS | B27: =+'3010'!H27 -> 969.81 | D27: KG | F27: 300.55 | G27: =E27*F27 -> 0 | H27: =B27-E27 -> 969.81
A28: VERNICH CX3 | B28: =+'3010'!H28 -> 14815.871 | D28: KG | F28: 178.7 | G28: =E28*F28 -> 0 | H28: =B28-E28 -> 14815.871
A29: JAUNE 109 | B29: =+'3010'!H29 -> 19 | D29: KG | G29: =E29*F29 -> 0 | H29: =B29-E29 -> 19
A30: JAUNE 4018 | B30: =+'3010'!H30 -> 0 | D30: KG | G30: =E30*F30 -> 0 | H30: =B30-E30 -> 0
A31: JAUNE PROCESS | B31: =+'3010'!H31 -> 0 | D31: KG | G31: =E31*F31 -> 0 | H31: =B31-E31 -> 0
A32: JAUNE PROCESS C | B32: =+'3010'!H32 -> 40 | D32: KG | G32: =E32*F32 -> 0 | H32: =B32-E32 -> 40
A33: BLEU CYAN | B33: =+'3010'!H33 -> 100 | D33: KG | G33: =E33*F33 -> 0 | H33: =B33-E33 -> 100
A34: BLEU CYAN C | B34: =+'3010'!H34 -> 60 | D34: KG | G34: =E34*F34 -> 0 | H34: =B34-E34 -> 60
A35: BLEU REFLEX | B35: =+'3010'!H35 -> 132 | D35: KG | G35: =E35*F35 -> 0 | H35: =B35-E35 -> 132
A36: BLEU REFLEX COUCHE | B36: =+'3010'!H36 -> 60 | D36: KG | G36: =E36*F36 -> 0 | H36: =B36-E36 -> 60
A37: BLEU 295 C | B37: =+'3010'!H37 -> 0 | D37: KG | G37: =E37*F37 -> 0 | H37: =B37-E37 -> 0
A38: BLEU BADIRA C | B38: =+'3010'!H38 -> 40 | D38: KG | G38: =E38*F38 -> 0 | H38: =B38-E38 -> 40
A39: BLEU BADIRA | B39: =+'3010'!H39 -> 17 | D39: KG | G39: =E39*F39 -> 0 | H39: =B39-E39 -> 17
A40: BLEU 2765 C | B40: =+'3010'!H40 -> 40 | D40: KG | G40: =E40*F40 -> 0 | H40: =B40-E40 -> 40
... A71: P200 | B71: =+'3010'!H71 -> 40 | D71: KG | G71: =E71*F71 -> 0 | H71: =B71-E71 -> 40
B72: =+'3010'!H72 -> 0 | D72: KG | G72: =E72*F72 -> 0 | H72: =B72-E72 -> 0
B73: =+'3010'!H73 -> 0 | D73: KG | G73: =E73*F73 -> 0 | H73: =B73-E73 -> 0
A74: TOTAL

Sheet 0211
A2: DESCRIPTION | B2: 45963
B3: STOCK INT | C3: RECEPTION | D3: UNITE | E3: SORTIER | F3: PRIX | G3: VALEUR | H3: STOCK
A4: DOUBLE FACE | B4: =+'0111'!H4 -> 32 | D4: ROULEAU | E4: 5 | F4: 230.62 | G4: =E4*F4 -> 1153.1 | H4: =B4-E4 -> 27
A5: SCOTCHE | B5: =+'0111'!H5 -> 61 | D5: ROULEAU | E5: 1 | F5: 91.2 | G5: =E5*F5 -> 91.2 | H5: =B5-E5 -> 60
A6: FEUILLARD N12 | B6: =+'0111'!H6 -> 216 | D6: ROULEAU | E6: 3 | F6: 3500 | G6: =E6*F6 -> 10500 | H6: =B6-E6 -> 213
A7: FEUILLARD N5 | B7: =+'0111'!H7 -> 11 | D7: ROULEAU | F7: 3300 | G7: =E7*F7 -> 0 | H7: =B7-E7 -> 11
A8: CELOPHANE 7 | B8: =+'0111'!H8 -> 48 | D8: ROULEAU | F8: 1554.62 | G8: =E8*F8 -> 0 | H8: =B8-E8 -> 48
A9: CELOPHANE 16 | B9: =+'0111'!H9 -> 2316 | D9: KG | E9: 48 | F9: 210 | G9: =E9*F9 -> 10080 | H9: =B9-E9 -> 2268
A10: CELOPHANE 25 | B10: =+'0111'!H10 -> 24 | D10: KG | G10: =E10*F10 -> 0 | H10: =B10-E10 -> 24
A11: COLLE | B11: =+'0111'!H11 -> 1110 | D11: KG | F11: 290 | G11: =E11*F11 -> 0 | H11: =B11-E11 -> 1110
A12: SEL | B12: =+'0111'!H12 -> 2725 | D12: KG | E12: =4*25 -> 100 | F12: 49.5 | G12: =E12*F12 -> 4950 | H12: =B12-E12 -> 2625
A13: BORAX | B13: =+'0111'!H13 -> 400 | D13: KG | E13: =3*25 -> 75 | F13: 285 | G13: =E13*F13 -> 21375 | H13: =B13-E13 -> 325
A14: AMIDON | B14: =+'0111'!H14 -> 56775 | D14: KG | E14: =56*25 -> 1400 | F14: 93 | G14: =E14*F14 -> 130200 | H14: =B14-E14 -> 55375
A15: SOUDE | B15: =+'0111'!H15 -> 2132 | D15: KG | E15: 60 | F15: 67.23 | G15: =E15*F15 -> 4033.8 | H15: =B15-E15 -> 2072
A16: ANALYFLIX | B16: =+'0111'!H16 -> 325 | D16: KG | F16: 480 | G16: =E16*F16 -> 0 | H16: =B16-E16 -> 325
A17: FIL RECUIT | B17: =+'0111'!H17 -> 26 | D17: ROULEAU | G17: =E17*F17 -> 0 | H17: =B17-E17 -> 26
A18: JAUNE MP | B18: =+'0111'!H18 -> 1534.693 | D18: KG | F18: 877.28 | G18: =E18*F18 -> 0 | H18: =B18-E18 -> 1534.693
A19: BLUE MP | B19: =+'0111'!H19 -> 344.971 | D19: KG | F19: 601.1 | G19: =E19*F19 -> 0 | H19: =B19-E19 -> 344.971
A20: MAGENTA MP | B20: =+'0111'!H20 -> 990.22 | D20: KG | F20: 568.61 | G20: =E20*F20 -> 0 | H20: =B20-E20 -> 990.22
A21: NOIR MP | B21: =+'0111'!H21 -> 2462.369 | D21: KG | F21: 333.04 | G21: =E21*F21 -> 0 | H21: =B21-E21 -> 2462.369
A22: ROUGE MP | B22: =+'0111'!H22 -> 1262.53 | D22: KG | F22: 714.82 | G22: =E22*F22 -> 0 | H22: =B22-E22 -> 1262.53
A23: BLANC MP | B23: =+'0111'!H23 -> 230 | D23: KG | F23: 487.38 | G23: =E23*F23 -> 0 | H23: =B23-E23 -> 230
A24: ORANGE MP | B24: =+'0111'!H24 -> 974.652 | D24: KG | F24: 844.79 | G24: =E24*F24 -> 0 | H24: =B24-E24 -> 974.652
A25: VERT MP | B25: =+'0111'!H25 -> 1104 | D25: KG | F25: 901.65 | G25: =E25*F25 -> 0 | H25: =B25-E25 -> 1104
A26: VIOLET MP | B26: =+'0111'!H26 -> 229.04 | D26: KG | F26: 877.28 | G26: =E26*F26 -> 0 | H26: =B26-E26 -> 229.04
A27: VERNICH GLOSS | B27: =+'0111'!H27 -> 969.81 | D27: KG | F27: 300.55 | G27: =E27*F27 -> 0 | H27: =B27-E27 -> 969.81
A28: VERNICH CX3 | B28: =+'0111'!H28 -> 14815.871 | D28: KG | F28: 178.7 | G28: =E28*F28 -> 0 | H28: =B28-E28 -> 14815.871
A29: JAUNE 109 | B29: =+'0111'!H29 -> 19 | D29: KG | G29: =E29*F29 -> 0 | H29: =B29-E29 -> 19
A30: JAUNE 4018 | B30: =+'0111'!H30 -> 0 | D30: KG | G30: =E30*F30 -> 0 | H30: =B30-E30 -> 0
A31: JAUNE PROCESS | B31: =+'0111'!H31 -> 0 | D31: KG | G31: =E31*F31 -> 0 | H31: =B31-E31 -> 0
A32: JAUNE PROCESS C | B32: =+'0111'!H32 -> 40 | D32: KG | G32: =E32*F32 -> 0 | H32: =B32-E32 -> 40
A33: BLEU CYAN | B33: =+'0111'!H33 -> 100 | D33: KG | G33: =E33*F33 -> 0 | H33: =B33-E33 -> 100
A34: BLEU CYAN C | B34: =+'0111'!H34 -> 60 | D34: KG | G34: =E34*F34 -> 0 | H34: =B34-E34 -> 60
A35: BLEU REFLEX | B35: =+'0111'!H35 -> 132 | D35: KG | E35: 17 | G35: =E35*F35 -> 0 | H35: =B35-E35 -> 115
A36: BLEU REFLEX COUCHE | B36: =+'0111'!H36 -> 60 | D36: KG | G36: =E36*F36 -> 0 | H36: =B36-E36 -> 60
A37: BLEU 295 C | B37: =+'0111'!H37 -> 0 | D37: KG | G37: =E37*F37 -> 0 | H37: =B37-E37 -> 0
A38: BLEU BADIRA C | B38: =+'0111'!H38 -> 40 | D38: KG | G38: =E38*F38 -> 0 | H38: =B38-E38 -> 40
A39: BLEU BADIRA | B39: =+'0111'!H39 -> 17 | D39: KG | G39: =E39*F39 -> 0 | H39: =B39-E39 -> 17
A40: BLEU 2765 C | B40: =+'0111'!H40 -> 40 | D40: KG | G40: =E40*F40 -> 0 | H40: =B40-E40 -> 40
A41: BLEU 3557 | B41: =+'0111'!H41 -> 60 | D41: KG | G41: =E41*F41 -> 0 | H41: =B41-E41 -> 60
A42: MARRON 7570 | B42: =+'0111'!H42 -> 100 | D42: KG | G42: =E42*F42 -> 0 | H42: =B42-E42 -> 100
A43: MARRON 876 | B43: =+'0111'!H43 -> 20 | D43: KG | G43: =E43*F43 -> 0 | H43: =B43-E43 -> 20
A44: MARRON 476 | B44: =+'0111'!H44 -> 20 | D44: KG | G44: =E44*F44 -> 0 | H44: =B44-E44 -> 20
A45: MARRON BEJE | B45: =+'0111'!H45 -> 40 | D45: KG | G45: =E45*F45 -> 0 | H45: =B45-E45 -> 40
A46: MARRON 7502 | B46: =+'0111'!H46 -> 100 | D46: KG | G46: =E46*F46 -> 0 | H46: =B46-E46 -> 100
A47: MARRON FONCE | B47: =+'0111'!H47 -> 20 | D47: KG | G47: =E47*F47 -> 0 | H47: =B47-E47 -> 20
... A71: P200 | B71: =+'0111'!H71 -> 40 | D71: KG | G71: =E71*F71 -> 0 | H71: =B71-E71 -> 40
B72: =+'0111'!H72 -> 0 | D72: KG | G72: =E72*F72 -> 0 | H72: =B72-E72 -> 0
B73: =+'0111'!H73 -> 0 | D73: KG | G73: =E73*F73 -> 0 | H73: =B73-E73 -> 0
A74: TOTAL

Sheet 0311
A2: DESCRIPTION | B2: 45964
B3: STOCK INT | C3: RECEPTION | D3: UNITE | E3: SORTIER | F3: PRIX | G3: VALEUR | H3: STOCK
A4: DOUBLE FACE | B4: =+'0211'!H4 -> 27 | D4: ROULEAU | E4: 3 | F4: 230.62 | G4: =E4*F4 -> 691.86 | H4: =B4-E4 -> 24
A5: SCOTCHE | B5: =+'0211'!H5 -> 60 | D5: ROULEAU | E5: 2 | F5: 91.2 | G5: =E5*F5 -> 182.4 | H5: =B5-E5 -> 58
A6: FEUILLARD N12 | B6: =+'0211'!H6 -> 213 | D6: ROULEAU | E6: 2 | F6: 3500 | G6: =E6*F6 -> 7000 | H6: =B6-E6 -> 211
A7: FEUILLARD N5 | B7: =+'0211'!H7 -> 11 | D7: ROULEAU | F7: 3300 | G7: =E7*F7 -> 0 | H7: =B7-E7 -> 11
A8: CELOPHANE 7 | B8: =+'0211'!H8 -> 48 | D8: ROULEAU | F8: 1554.62 | G8: =E8*F8 -> 0 | H8: =B8-E8 -> 48
A9: CELOPHANE 16 | B9: =+'0211'!H9 -> 2268 | D9: KG | E9: 32 | F9: 210 | G9: =E9*F9 -> 6720 | H9: =B9-E9 -> 2236
A10: CELOPHANE 25 | B10: =+'0211'!H10 -> 24 | D10: KG | G10: =E10*F10 -> 0 | H10: =B10-E10 -> 24
A11: COLLE | B11: =+'0211'!H11 -> 1110 | D11: KG | E11: 60 | F11: 290 | G11: =E11*F11 -> 17400 | H11: =B11-E11 -> 1050
A12: SEL | B12: =+'0211'!H12 -> 2625 | D12: KG | F12: 49.5 | G12: =E12*F12 -> 0 | H12: =B12-E12 -> 2625
A13: BORAX | B13: =+'0211'!H13 -> 325 | D13: KG | F13: 285 | G13: =E13*F13 -> 0 | H13: =B13-E13 -> 325
A14: AMIDON | B14: =+'0211'!H14 -> 55375 | D14: KG | E14: =32*25 -> 800 | F14: 93 | G14: =E14*F14 -> 74400 | H14: =B14-E14 -> 54575
A15: SOUDE | B15: =+'0211'!H15 -> 2072 | D15: KG | E15: 70 | F15: 67.23 | G15: =E15*F15 -> 4706.1 | H15: =B15-E15 -> 2002
A16: ANALYFLIX | B16: =+'0211'!H16 -> 325 | D16: KG | F16: 480 | G16: =E16*F16 -> 0 | H16: =B16-E16 -> 325
A17: FIL RECUIT | B17: =+'0211'!H17 -> 26 | D17: ROULEAU | G17: =E17*F17 -> 0 | H17: =B17-E17 -> 26
A18: JAUNE MP | B18: =+'0211'!H18 -> 1534.693 | D18: KG | E18: 6.78 | F18: 877.28 | G18: =E18*F18 -> 5947.9584 | H18: =B18-E18 -> 1527.913
A19: BLUE MP | B19: =+'0211'!H19 -> 344.971 | D19: KG | F19: 601.1 | G19: =E19*F19 -> 0 | H19: =B19-E19 -> 344.971
A20: MAGENTA MP | B20: =+'0211'!H20 -> 990.22 | D20: KG | F20: 568.61 | G20: =E20*F20 -> 0 | H20: =B20-E20 -> 990.22
A21: NOIR MP | B21: =+'0211'!H21 -> 2462.369 | D21: KG | F21: 333.04 | G21: =E21*F21 -> 0 | H21: =B21-E21 -> 2462.369
A22: ROUGE MP | B22: =+'0211'!H22 -> 1262.53 | D22: KG | F22: 714.82 | G22: =E22*F22 -> 0 | H22: =B22-E22 -> 1262.53
A23: BLANC MP | B23: =+'0211'!H23 -> 230 | D23: KG | F23: 487.38 | G23: =E23*F23 -> 0 | H23: =B23-E23 -> 230
A24: ORANGE MP | B24: =+'0211'!H24 -> 974.652 | D24: KG | E24: =0.578 -> 0.578 | F24: 844.79 | G24: =E24*F24 -> 488.28862 | H24: =B24-E24 -> 974.074
A25: VERT MP | B25: =+'0211'!H25 -> 1104 | D25: KG | F25: 901.65 | G25: =E25*F25 -> 0 | H25: =B25-E25 -> 1104
A26: VIOLET MP | B26: =+'0211'!H26 -> 229.04 | D26: KG | F26: 877.28 | G26: =E26*F26 -> 0 | H26: =B26-E26 -> 229.04
A27: VERNICH GLOSS | B27: =+'0211'!H27 -> 969.81 | D27: KG | F27: 300.55 | G27: =E27*F27 -> 0 | H27: =B27-E27 -> 969.81
A28: VERNICH CX3 | B28: =+'0211'!H28 -> 14815.871 | D28: KG | E28: =6.235 -> 6.235 | F28: 178.7 | G28: =E28*F28 -> 1114.1945 | H28: =B28-E28 -> 14809.636
A29: JAUNE 109 | B29: =+'0211'!H29 -> 19 | D29: KG | G29: =E29*F29 -> 0 | H29: =B29-E29 -> 19
A30: JAUNE 4018 | B30: =+'0211'!H30 -> 0 | D30: KG | G30: =E30*F30 -> 0 | H30: =B30-E30 -> 0
A31: JAUNE PROCESS | B31: =+'0211'!H31 -> 0 | D31: KG | G31: =E31*F31 -> 0 | H31: =B31-E31 -> 0
A32: JAUNE PROCESS C | B32: =+'0211'!H32 -> 40 | D32: KG | G32: =E32*F32 -> 0 | H32: =B32-E32 -> 40
A33: BLEU CYAN | B33: =+'0211'!H33 -> 100 | D33: KG | G33: =E33*F33 -> 0 | H33: =B33-E33 -> 100
A34: BLEU CYAN C | B34: =+'0211'!H34 -> 60 | D34: KG | G34: =E34*F34 -> 0 | H34: =B34-E34 -> 60
A35: BLEU REFLEX | B35: =+'0211'!H35 -> 115 | D35: KG | G35: =E35*F35 -> 0 | H35: =B35-E35 -> 115
A36: BLEU REFLEX COUCHE | B36: =+'0211'!H36 -> 60 | D36: KG | G36: =E36*F36 -> 0 | H36: =B36-E36 -> 60
A37: BLEU 295 C | B37: =+'0211'!H37 -> 0 | D37: KG | G37: =E37*F37 -> 0 | H37: =B37-E37 -> 0
A38: BLEU BADIRA C | B38: =+'0211'!H38 -> 40 | D38: KG | G38: =E38*F38 -> 0 | H38: =B38-E38 -> 40
A39: BLEU BADIRA | B39: =+'0211'!H39 -> 17 | D39: KG | G39: =E39*F39 -> 0 | H39: =B39-E39 -> 17
A40: BLEU 2765 C | B40: =+'0211'!H40 -> 40 | D40: KG | G40: =E40*F40 -> 0 | H40: =B40-E40 -> 40
... A46: MARRON 7502 | B46: =+'0211'!H46 -> 100 | D46: KG | G46: =E46*F46 -> 0 | H46: =B46-E46 -> 100
A47: MARRON FONCE | B47: =+'0211'!H47 -> 20 | D47: KG | E47: 20 | G47: =E47*F47 -> 0 | H47: =B47-E47 -> 0
A48: VIOLET 254 | B48: =+'0211'!H48 -> 20 | D48: KG | G48: =E48*F48 -> 0 | H48: =B48-E48 -> 20
A49: VIOLET 2371 | B49: =+'0211'!H49 -> 160 | D49: KG | E49: 20 | G49: =E49*F49 -> 0 | H49: =B49-E49 -> 140
A50: ROUGE 3546 | B50: =+'0211'!H50 -> 83 | D50: KG | G50: =E50*F50 -> 0 | H50: =B50-E50 -> 83
A51: ROUGE 2347 | B51: =+'0211'!H51 -> 60 | D51: KG | E51: 20 | G51: =E51*F51 -> 0 | H51: =B51-E51 -> 40
A52: ROUGE 2347 COUCHE | B52: =+'0211'!H52 -> 40 | D52: KG | G52: =E52*F52 -> 0 | H52: =B52-E52 -> 40
A53: ROUGE SIPA | B53: =+'0211'!H53 -> 40 | D53: KG | G53: =E53*F53 -> 0 | H53: =B53-E53 -> 40
A54: ROSE | B54: =+'0211'!H54 -> 120 | D54: KG | G54: =E54*F54 -> 0 | H54: =B54-E54 -> 120
A55: VERT 375 | B55: =+'0211'!H55 -> 20 | D55: KG | G55: =E55*F55 -> 0 | H55: =B55-E55 -> 20
A56: VERT 356 | B56: =+'0211'!H56 -> 199 | D56: KG | G56: =E56*F56 -> 0 | H56: =B56-E56 -> 199
A57: VERT 356 C | B57: =+'0211'!H57 -> 0 | D57: KG | G57: =E57*F57 -> 0 | H57: =B57-E57 -> 0
A58: VERT 342 | B58: =+'0211'!H58 -> 60 | D58: KG | G58: =E58*F58 -> 0 | H58: =B58-E58 -> 60
A59: VERT 342 C | B59: =+'0211'!H59 -> 17 | D59: KG | G59: =E59*F59 -> 0 | H59: =B59-E59 -> 17
A60: MAGENTA | B60: =+'0211'!H60 -> 180 | D60: KG | G60: =E60*F60 -> 0 | H60: =B60-E60 -> 180
A61: GOLD 4007 | B61: =+'0211'!H61 -> 80 | D61: KG | E61: 20 | G61: =E61*F61 -> 0 | H61: =B61-E61 -> 60
A62: GOLD 872 | B62: =+'0211'!H62 -> 20 | D62: KG | G62: =E62*F62 -> 0 | H62: =B62-E62 -> 20
A63: GRIS877 | B63: =+'0211'!H63 -> 100 | D63: KG | G63: =E63*F63 -> 0 | H63: =B63-E63 -> 100
A64: GRIS07 | B64: =+'0211'!H64 -> 40 | D64: KG | G64: =E64*F64 -> 0 | H64: =B64-E64 -> 40
A65: GRIS ARGANT | B65: =+'0211'!H65 -> 60 | D65: KG | G65: =E65*F65 -> 0 | H65: =B65-E65 -> 60
A66: ORANGE 21 | B66: =+'0211'!H66 -> 100 | D66: KG | G66: =E66*F66 -> 0 | H66: =B66-E66 -> 100
A67: ORANGE 153 | B67: =+'0211'!H67 -> 20 | D67: KG | E67: 20 | G67: =E67*F67 -> 0 | H67: =B67-E67 -> 0
A68: ORANGE 166 | B68: =+'0211'!H68 -> 60 | D68: KG | G68: =E68*F68 -> 0 | H68: =B68-E68 -> 60
A69: NOIR PROCESS | B69: =+'0211'!H69 -> 125 | D69: KG | E69: 17 | G69: =E69*F69 -> 0 | H69: =B69-E69 -> 108
A70: NOIR COUCHE | B70: =+'0211'!H70 -> 34 | D70: KG | G70: =E70*F70 -> 0 | H70: =B70-E70 -> 34
A71: P200 | B71: =+'0211'!H71 -> 40 | D71: KG | E71: 20 | G71: =E71*F71 -> 0 | H71: =B71-E71 -> 20
A72: PONTON 137 | B72: 15 | D72: KG | G72: =E72*F72 -> 0 | H72: =B72-E72 -> 15
B73: =+'0211'!H73 -> 0 | D73: KG | G73: =E73*F73 -> 0 | H73: =B73-E73 -> 0
A74: TOTAL

Sheet 0411
A2: DESCRIPTION | B2: 45965
B3: STOCK INT | C3: RECEPTION | D3: UNITE | E3: SORTIER | F3: PRIX | G3: VALEUR | H3: STOCK
A4: DOUBLE FACE | B4: =+'0311'!H4 -> 24 | C4: 158 | D4: ROULEAU | E4: 4 | F4: 230.62 | G4: =E4*F4 -> 922.48 | H4: =B4-E4+C4 -> 178
A5: SCOTCHE | B5: =+'0311'!H5 -> 58 | D5: ROULEAU | F5: 91.2 | G5: =E5*F5 -> 0 | H5: =B5-E5 -> 58
A6: FEUILLARD N12 | B6: =+'0311'!H6 -> 211 | D6: ROULEAU | E6: 2 | F6: 3500 | G6: =E6*F6 -> 7000 | H6: =B6-E6 -> 209
A7: FEUILLARD N5 | B7: =+'0311'!H7 -> 11 | C7: 50 | D7: ROULEAU | E7: 2 | F7: 3300 | G7: =E7*F7 -> 6600 | H7: =B7-E7+C7 -> 59
A8: CELOPHANE 7 | B8: =+'0311'!H8 -> 48 | D8: ROULEAU | E8: 3 | F8: 1554.62 | G8: =E8*F8 -> 4663.86 | H8: =B8-E8 -> 45
A9: CELOPHANE 16 | B9: =+'0311'!H9 -> 2236 | D9: KG | E9: 48 | F9: 210 | G9: =E9*F9 -> 10080 | H9: =B9-E9 -> 2188
A10: CELOPHANE 25 | B10: =+'0311'!H10 -> 24 | D10: KG | G10: =E10*F10 -> 0 | H10: =B10-E10 -> 24
A11: COLLE | B11: =+'0311'!H11 -> 1050 | D11: KG | E11: 30 | F11: 290 | G11: =E11*F11 -> 8700 | H11: =B11-E11 -> 1020
A12: SEL | B12: =+'0311'!H12 -> 2625 | D12: KG | E12: 50 | F12: 49.5 | G12: =E12*F12 -> 2475 | H12: =B12-E12 -> 2575
A13: BORAX | B13: =+'0311'!H13 -> 325 | D13: KG | F13: 285 | G13: =E13*F13 -> 0 | H13: =B13-E13 -> 325
A14: AMIDON | B14: =+'0311'!H14 -> 54575 | D14: KG | E14: =30*25 -> 750 | F14: 93 | G14: =E14*F14 -> 69750 | H14: =B14-E14 -> 53825
A15: SOUDE | B15: =+'0311'!H15 -> 2002 | D15: KG | E15: 56 | F15: 67.23 | G15: =E15*F15 -> 3764.88 | H15: =B15-E15 -> 1946
A16: ANALYFLIX | B16: =+'0311'!H16 -> 325 | D16: KG | F16: 480 | G16: =E16*F16 -> 0 | H16: =B16-E16 -> 325
A17: FIL RECUIT | B17: =+'0311'!H17 -> 26 | D17: ROULEAU | G17: =E17*F17 -> 0 | H17: =B17-E17 -> 26
A18: JAUNE MP | B18: =+'0311'!H18 -> 1527.913 | D18: KG | F18: 877.28 | G18: =E18*F18 -> 0 | H18: =B18-E18 -> 1527.913
A19: BLUE MP | B19: =+'0311'!H19 -> 344.971 | D19: KG | F19: 601.1 | G19: =E19*F19 -> 0 | H19: =B19-E19 -> 344.971
A20: MAGENTA MP | B20: =+'0311'!H20 -> 990.22 | D20: KG | F20: 568.61 | G20: =E20*F20 -> 0 | H20: =B20-E20 -> 990.22
A21: NOIR MP | B21: =+'0311'!H21 -> 2462.369 | D21: KG | F21: 333.04 | G21: =E21*F21 -> 0 | H21: =B21-E21 -> 2462.369
A22: ROUGE MP | B22: =+'0311'!H22 -> 1262.53 | D22: KG | F22: 714.82 | G22: =E22*F22 -> 0 | H22: =B22-E22 -> 1262.53
A23: BLANC MP | B23: =+'0311'!H23 -> 230 | D23: KG | F23: 487.38 | G23: =E23*F23 -> 0 | H23: =B23-E23 -> 230
A24: ORANGE MP | B24: =+'0311'!H24 -> 974.074 | D24: KG | F24: 844.79 | G24: =E24*F24 -> 0 | H24: =B24-E24 -> 974.074
A25: VERT MP | B25: =+'0311'!H25 -> 1104 | D25: KG | F25: 901.65 | G25: =E25*F25 -> 0 | H25: =B25-E25 -> 1104
A26: VIOLET MP | B26: =+'0311'!H26 -> 229.04 | D26: KG | F26: 877.28 | G26: =E26*F26 -> 0 | H26: =B26-E26 -> 229.04
A27: VERNICH GLOSS | B27: =+'0311'!H27 -> 969.81 | D27: KG | F27: 300.55 | G27: =E27*F27 -> 0 | H27: =B27-E27 -> 969.81
A28: VERNICH CX3 | B28: =+'0311'!H28 -> 14809.636 | D28: KG | F28: 178.7 | G28: =E28*F28 -> 0 | H28: =B28-E28 -> 14809.636
A29: JAUNE 109 | B29: =+'0311'!H29 -> 19 | D29: KG | G29: =E29*F29 -> 0 | H29: =B29-E29 -> 19
A30: JAUNE 4018 | B30: =+'0311'!H30 -> 0 | D30: KG | G30: =E30*F30 -> 0 | H30: =B30-E30 -> 0
A31: JAUNE PROCESS | B31: =+'0311'!H31 -> 0 | D31: KG | G31: =E31*F31 -> 0 | H31: =B31-E31 -> 0
A32: JAUNE PROCESS C | B32: =+'0311'!H32 -> 40 | D32: KG | G32: =E32*F32 -> 0 | H32: =B32-E32 -> 40
A33: BLEU CYAN | B33: =+'0311'!H33 -> 100 | D33: KG | G33: =E33*F33 -> 0 | H33: =B33-E33 -> 100
A34: BLEU CYAN C | B34: =+'0311'!H34 -> 60 | D34: KG | G34: =E34*F34 -> 0 | H34: =B34-E34 -> 60
A35: BLEU REFLEX | B35: =+'0311'!H35 -> 115 | D35: KG | G35: =E35*F35 -> 0 | H35: =B35-E35 -> 115
A36: BLEU REFLEX COUCHE | B36: =+'0311'!H36 -> 60 | D36: KG | G36: =E36*F36 -> 0 | H36: =B36-E36 -> 60
A37: BLEU 295 C | B37: =+'0311'!H37 -> 0 | D37: KG | G37: =E37*F37 -> 0 | H37: =B37-E37 -> 0
A38: BLEU BADIRA C | B38: =+'0311'!H38 -> 40 | D38: KG | G38: =E38*F38 -> 0 | H38: =B38-E38 -> 40
A39: BLEU BADIRA | B39: =+'0311'!H39 -> 17 | D39: KG | G39: =E39*F39 -> 0 | H39: =B39-E39 -> 17
A40: BLEU 2765 C | B40: =+'0311'!H40 -> 40 | D40: KG | G40: =E40*F40 -> 0 | H40: =B40-E40 -> 40
... A72: PONTON 137 | B72: =+'0311'!H72 -> 15 | D72: KG | G72: =E72*F72 -> 0 | H72: =B72-E72 -> 15
B73: =+'0311'!H73 -> 0 | D73: KG | G73: =E73*F73 -> 0 | H73: =B73-E73 -> 0
A74: TOTAL

Sheet 0511
A2: DESCRIPTION | B2: 45966
B3: STOCK INT | C3: RECEPTION | D3: UNITE | E3: SORTIER | F3: PRIX | G3: VALEUR | H3: STOCK
A4: DOUBLE FACE | B4: =+'0411'!H4 -> 178 | C4: 158 | D4: ROULEAU | E4: 6 | F4: 230.62 | G4: =E4*F4 -> 1383.72 | H4: =B4-E4 -> 172
A5: SCOTCHE | B5: =+'0411'!H5 -> 58 | C5: 53 | D5: ROULEAU | E5: 6 | F5: 91.2 | G5: =E5*F5 -> 547.2 | H5: =B5-E5+C5 -> 105
A6: FEUILLARD N12 | B6: =+'0411'!H6 -> 209 | D6: ROULEAU | E6: 1 | F6: 3500 | G6: =E6*F6 -> 3500 | H6: =B6-E6 -> 208
A7: FEUILLARD N5 | B7: =+'0411'!H7 -> 59 | C7: 50 | D7: ROULEAU | F7: 3300 | G7: =E7*F7 -> 0 | H7: =B7-E7 -> 59
A8: CELOPHANE 7 | B8: =+'0411'!H8 -> 45 | D8: ROULEAU | F8: 1554.62 | G8: =E8*F8 -> 0 | H8: =B8-E8 -> 45
A9: CELOPHANE 16 | B9: =+'0411'!H9 -> 2188 | D9: KG | E9: 32 | F9: 210 | G9: =E9*F9 -> 6720 | H9: =B9-E9 -> 2156
A10: CELOPHANE 25 | B10: =+'0411'!H10 -> 24 | D10: KG | G10: =E10*F10 -> 0 | H10: =B10-E10 -> 24
A11: COLLE | B11: =+'0411'!H11 -> 1020 | D11: KG | F11: 290 | G11: =E11*F11 -> 0 | H11: =B11-E11 -> 1020
A12: SEL | B12: =+'0411'!H12 -> 2575 | D12: KG | F12: 49.5 | G12: =E12*F12 -> 0 | H12: =B12-E12 -> 2575
A13: BORAX | B13: =+'0411'!H13 -> 325 | D13: KG | F13: 285 | G13: =E13*F13 -> 0 | H13: =B13-E13 -> 325
A14: AMIDON | B14: =+'0411'!H14 -> 53825 | D14: KG | E14: =52*25 -> 1300 | F14: 93 | G14: =E14*F14 -> 120900 | H14: =B14-E14 -> 52525
A15: SOUDE | B15: =+'0411'!H15 -> 1946 | D15: KG | E15: 70 | F15: 67.23 | G15: =E15*F15 -> 4706.1 | H15: =B15-E15 -> 1876
A16: ANALYFLIX | B16: =+'0411'!H16 -> 325 | D16: KG | F16: 480 | G16: =E16*F16 -> 0 | H16: =B16-E16 -> 325
A17: FIL RECUIT | B17: =+'0411'!H17 -> 26 | D17: ROULEAU | G17: =E17*F17 -> 0 | H17: =B17-E17 -> 26
A18: JAUNE MP | B18: =+'0411'!H18 -> 1527.913 | D18: KG | E18: =33.8 -> 33.8 | F18: 877.28 | G18: =E18*F18 -> 29652.064 | H18: =B18-E18 -> 1494.113
A19: BLUE MP | B19: =+'0411'!H19 -> 344.971 | D19: KG | F19: 601.1 | G19: =E19*F19 -> 0 | H19: =B19-E19 -> 344.971
A20: MAGENTA MP | B20: =+'0411'!H20 -> 990.22 | D20: KG | E20: 39.67 | F20: 568.61 | G20: =E20*F20 -> 22556.759 | H20: =B20-E20 -> 950.55
A21: NOIR MP | B21: =+'0411'!H21 -> 2462.369 | D21: KG | E21: 0.5 | F21: 333.04 | G21: =E21*F21 -> 166.52 | H21: =B21-E21 -> 2461.869
A22: ROUGE MP | B22: =+'0411'!H22 -> 1262.53 | D22: KG | E22: 1.45 | F22: 714.82 | G22: =E22*F22 -> 1036.489 | H22: =B22-E22 -> 1261.08
A23: BLANC MP | B23: =+'0411'!H23 -> 230 | D23: KG | E23: 72 | F23: 487.38 | G23: =E23*F23 -> 35091.36 | H23: =B23-E23 -> 158
A24: ORANGE MP | B24: =+'0411'!H24 -> 974.074 | D24: KG | E24: 0.25 | F24: 844.79 | G24: =E24*F24 -> 211.1975 | H24: =B24-E24 -> 973.824
A25: VERT MP | B25: =+'0411'!H25 -> 1104 | D25: KG | E25: 0.7 | F25: 901.65 | G25: =E25*F25 -> 631.155 | H25: =B25-E25 -> 1103.3
A26: VIOLET MP | B26: =+'0411'!H26 -> 229.04 | D26: KG | E26: 4 | F26: 877.28 | G26: =E26*F26 -> 3509.12 | H26: =B26-E26 -> 225.04
A27: VERNICH GLOSS | B27: =+'0411'!H27 -> 969.81 | D27: KG | E27: 73.2 | F27: 300.55 | G27: =E27*F27 -> 22000.26 | H27: =B27-E27 -> 896.61
A28: VERNICH CX3 | B28: =+'0411'!H28 -> 14809.636 | D28: KG | E28: 56 | F28: 178.7 | G28: =E28*F28 -> 10007.2 | H28: =B28-E28 -> 14753.636
A29: JAUNE 109 | B29: =+'0411'!H29 -> 19 | C29: =34 -> 34 | D29: KG | E29: 17 | G29: =E29*F29 -> 0 | H29: =B29-E29+C29 -> 36
A30: JAUNE 4020 | B30: =+'0411'!H30 -> 0 | C30: 88 | D30: KG | E30: 88 | G30: =E30*F30 -> 0 | H30: =B30-E30+C30 -> 0
A31: JAUNE PROCESS | B31: =+'0411'!H31 -> 0 | D31: KG | G31: =E31*F31 -> 0 | H31: =B31-E31 -> 0
A32: JAUNE PROCESS C | B32: =+'0411'!H32 -> 40 | D32: KG | G32: =E32*F32 -> 0 | H32: =B32-E32 -> 40
A33: BLEU CYAN | B33: =+'0411'!H33 -> 100 | D33: KG | G33: =E33*F33 -> 0 | H33: =B33-E33 -> 100
A34: BLEU CYAN C | B34: =+'0411'!H34 -> 60 | D34: KG | G34: =E34*F34 -> 0 | H34: =B34-E34 -> 60
A35: BLEU REFLEX | B35: =+'0411'!H35 -> 115 | D35: KG | G35: =E35*F35 -> 0 | H35: =B35-E35 -> 115
A36: BLEU REFLEX COUCHE | B36: =+'0411'!H36 -> 60 | D36: KG | G36: =E36*F36 -> 0 | H36: =B36-E36 -> 60
A37: BLEU 295 C | B37: =+'0411'!H37 -> 0 | D37: KG | G37: =E37*F37 -> 0 | H37: =B37-E37 -> 0
A38: BLEU BADIRA C | B38: =+'0411'!H38 -> 40 | D38: KG | G38: =E38*F38 -> 0 | H38: =B38-E38 -> 40
A39: BLEU BADIRA | B39: =+'0411'!H39 -> 17 | D39: KG | G39: =E39*F39 -> 0 | H39: =B39-E39 -> 17
A40: BLEU 2765 C | B40: =+'0411'!H40 -> 40 | D40: KG | G40: =E40*F40 -> 0 | H40: =B40-E40 -> 40
A41: BLEU 3557 | B41: =+'0411'!H41 -> 60 | D41: KG | G41: =E41*F41 -> 0 | H41: =B41-E41 -> 60
A42: MARRON 7570 | B42: =+'0411'!H42 -> 100 | D42: KG | G42: =E42*F42 -> 0 | H42: =B42-E42 -> 100
... A48: VIOLET 254 | B48: =+'0411'!H48 -> 20 | D48: KG | G48: =E48*F48 -> 0 | H48: =B48-E48 -> 20
A49: VIOLET 2371 | B49: =+'0411'!H49 -> 140 | D49: KG | E49: 20 | G49: =E49*F49 -> 0 | H49: =B49-E49 -> 120
A50: ROUGE 3546 | B50: =+'0411'!H50 -> 83 | D50: KG | G50: =E50*F50 -> 0 | H50: =B50-E50 -> 83
A51: ROUGE 2347 | B51: =+'0411'!H51 -> 40 | C51: 17 | D51: KG | G51: =E51*F51 -> 0 | H51: =B51-E51+C51 -> 57
A52: ROUGE 2347 COUCHE | B52: =+'0411'!H52 -> 40 | D52: KG | G52: =E52*F52 -> 0 | H52: =B52-E52 -> 40
A53: ROUGE SIPA | B53: =+'0411'!H53 -> 40 | D53: KG | G53: =E53*F53 -> 0 | H53: =B53-E53 -> 40
A54: ROSE | B54: =+'0411'!H54 -> 120 | D54: KG | G54: =E54*F54 -> 0 | H54: =B54-E54 -> 120
A55: VERT 375 | B55: =+'0411'!H55 -> 20 | D55: KG | G55: =E55*F55 -> 0 | H55: =B55-E55 -> 20
A56: VERT 356 | B56: =+'0411'!H56 -> 199 | D56: KG | G56: =E56*F56 -> 0 | H56: =B56-E56 -> 199
A57: VERT 356 C | B57: =+'0411'!H57 -> 0 | D57: KG | G57: =E57*F57 -> 0 | H57: =B57-E57 -> 0
A58: VERT 342 | B58: =+'0411'!H58 -> 60 | D58: KG | G58: =E58*F58 -> 0 | H58: =B58-E58 -> 60
A59: VERT 342 C | B59: =+'0411'!H59 -> 17 | D59: KG | G59: =E59*F59 -> 0 | H59: =B59-E59 -> 17
A60: MAGENTA | B60: =+'0411'!H60 -> 180 | D60: KG | E60: 20 | G60: =E60*F60 -> 0 | H60: =B60-E60 -> 160
A61: GOLD 4007 | B61: =+'0411'!H61 -> 60 | D61: KG | G61: =E61*F61 -> 0 | H61: =B61-E61 -> 60
A62: GOLD 872 | B62: =+'0411'!H62 -> 20 | D62: KG | G62: =E62*F62 -> 0 | H62: =B62-E62 -> 20
A63: GRIS877 | B63: =+'0411'!H63 -> 100 | D63: KG | G63: =E63*F63 -> 0 | H63: =B63-E63 -> 100
A64: GRIS07 | B64: =+'0411'!H64 -> 40 | D64: KG | G64: =E64*F64 -> 0 | H64: =B64-E64 -> 40
A65: GRIS ARGANT | B65: =+'0411'!H65 -> 60 | D65: KG | G65: =E65*F65 -> 0 | H65: =B65-E65 -> 60
A66: ORANGE 21 | B66: =+'0411'!H66 -> 100 | D66: KG | G66: =E66*F66 -> 0 | H66: =B66-E66 -> 100
A67: ORANGE 153 | B67: =+'0411'!H67 -> 0 | D67: KG | G67: =E67*F67 -> 0 | H67: =B67-E67 -> 0
A68: ORANGE 166 | B68: =+'0411'!H68 -> 60 | D68: KG | G68: =E68*F68 -> 0 | H68: =B68-E68 -> 60
A69: NOIR PROCESS | B69: =+'0411'!H69 -> 108 | C69: 58 | D69: KG | G69: =E69*F69 -> 0 | H69: =B69-E69+C69 -> 166
A70: NOIR COUCHE | B70: =+'0411'!H70 -> 34 | D70: KG | G70: =E70*F70 -> 0 | H70: =B70-E70 -> 34
A71: P200 | B71: =+'0411'!H71 -> 20 | D71: KG | E71: 20 | G71: =E71*F71 -> 0 | H71: =B71-E71 -> 0
A72: PONTON 137 | B72: =+'0411'!H72 -> 15 | D72: KG | G72: =E72*F72 -> 0 | H72: =B72-E72 -> 15
A73: PONTON 235 C | B73: =+'0411'!H73 -> 0 | C73: 17 | D73: KG | E73: 17 | G73: =E73*F73 -> 0 | H73: =B73-E73+C73 -> 0
A74: TOTAL

Sheet 0611
A2: DESCRIPTION | B2: 45967
B3: STOCK INT | C3: RECEPTION | D3: UNITE | E3: SORTIER | F3: PRIX | G3: VALEUR | H3: STOCK
A4: DOUBLE FACE | B4: =+'0511'!H4 -> 172 | D4: ROULEAU | E4: 5 | F4: 230.62 | G4: =E4*F4 -> 1153.1 | H4: =B4-E4 -> 167
A5: SCOTCHE | B5: =+'0511'!H5 -> 105 | D5: ROULEAU | E5: 1 | F5: 91.2 | G5: =E5*F5 -> 91.2 | H5: =B5-E5+C5 -> 104
A6: FEUILLARD N12 | B6: =+'0511'!H6 -> 208 | D6: ROULEAU | F6: 3500 | G6: =E6*F6 -> 0 | H6: =B6-E6 -> 208
A7: FEUILLARD N5 | B7: =+'0511'!H7 -> 59 | D7: ROULEAU | E7: 2 | F7: 3300 | G7: =E7*F7 -> 6600 | H7: =B7-E7 -> 57
A8: CELOPHANE 7 | B8: =+'0511'!H8 -> 45 | D8: ROULEAU | E8: 1 | F8: 1554.62 | G8: =E8*F8 -> 1554.62 | H8: =B8-E8 -> 44
A9: CELOPHANE 16 | B9: =+'0511'!H9 -> 2156 | D9: KG | E9: =3*16 -> 48 | F9: 210 | G9: =E9*F9 -> 10080 | H9: =B9-E9 -> 2108
A10: CELOPHANE 25 | B10: =+'0511'!H10 -> 24 | D10: KG | G10: =E10*F10 -> 0 | H10: =B10-E10 -> 24
A11: COLLE | B11: =+'0511'!H11 -> 1020 | D11: KG | E11: 60 | F11: 290 | G11: =E11*F11 -> 17400 | H11: =B11-E11 -> 960
A12: SEL | B12: =+'0511'!H12 -> 2575 | D12: KG | F12: 49.5 | G12: =E12*F12 -> 0 | H12: =B12-E12 -> 2575
A13: BORAX | B13: =+'0511'!H13 -> 325 | D13: KG | F13: 285 | G13: =E13*F13 -> 0 | H13: =B13-E13 -> 325
A14: AMIDON | B14: =+'0511'!H14 -> 52525 | D14: KG | E14: =46*25 -> 1150 | F14: 93 | G14: =E14*F14 -> 106950 | H14: =B14-E14 -> 51375
A15: SOUDE | B15: =+'0511'!H15 -> 1876 | D15: KG | E15: 56 | F15: 67.23 | G15: =E15*F15 -> 3764.88 | H15: =B15-E15 -> 1820
A16: ANALYFLIX | B16: =+'0511'!H16 -> 325 | D16: KG | F16: 480 | G16: =E16*F16 -> 0 | H16: =B16-E16 -> 325
A17: FIL RECUIT | B17: =+'0511'!H17 -> 26 | D17: ROULEAU | G17: =E17*F17 -> 0 | H17: =B17-E17 -> 26
A18: JAUNE MP | B18: =+'0511'!H18 -> 1494.113 | D18: KG | E18: 31.87 | F18: 877.28 | G18: =E18*F18 -> 27958.914 | H18: =B18-E18 -> 1462.243
A19: BLUE MP | B19: =+'0511'!H19 -> 344.971 | D19: KG | E19: 22.75 | F19: 601.1 | G19: =E19*F19 -> 13675.025 | H19: =B19-E19 -> 322.221
A20: MAGENTA MP | B20: =+'0511'!H20 -> 950.55 | D20: KG | E20: 2.34 | F20: 568.61 | G20: =E20*F20 -> 1330.5474 | H20: =B20-E20 -> 948.21
A21: NOIR MP | B21: =+'0511'!H21 -> 2461.869 | D21: KG | E21: 13.42 | F21: 333.04 | G21: =E21*F21 -> 4469.3968 | H21: =B21-E21 -> 2448.449
A22: ROUGE MP | B22: =+'0511'!H22 -> 1261.08 | D22: KG | F22: 714.82 | G22: =E22*F22 -> 0 | H22: =B22-E22 -> 1261.08
A23: BLANC MP | B23: =+'0511'!H23 -> 158 | D23: KG | F23: 487.38 | G23: =E23*F23 -> 0 | H23: =B23-E23 -> 158
A24: ORANGE MP | B24: =+'0511'!H24 -> 973.824 | D24: KG | E24: 1.7 | F24: 844.79 | G24: =E24*F24 -> 1436.143 | H24: =B24-E24 -> 972.124
A25: VERT MP | B25: =+'0511'!H25 -> 1103.3 | D25: KG | F25: 901.65 | G25: =E25*F25 -> 0 | H25: =B25-E25 -> 1103.3
A26: VIOLET MP | B26: =+'0511'!H26 -> 225.04 | D26: KG | E26: 16.6 | F26: 877.28 | G26: =E26*F26 -> 14562.848 | H26: =B26-E26 -> 208.44
A27: VERNICH GLOSS | B27: =+'0511'!H27 -> 896.61 | D27: KG | F27: 300.55 | G27: =E27*F27 -> 0 | H27: =B27-E27 -> 896.61
A28: VERNICH CX3 | B28: =+'0511'!H28 -> 14753.636 | D28: KG | E28: 112 | F28: 178.7 | G28: =E28*F28 -> 20014.4 | H28: =B28-E28 -> 14641.636
A29: JAUNE 109 | B29: =+'0511'!H29 -> 36 | C29: 109 | D29: KG | E29: 17 | G29: =E29*F29 -> 0 | H29: =B29-E29+C29 -> 128
A30: JAUNE 4020 | B30: =+'0511'!H30 -> 0 | D30: KG | G30: =E30*F30 -> 0 | H30: =B30-E30+C30 -> 0
A31: JAUNE PROCESS | B31: =+'0511'!H31 -> 0 | D31: KG | G31: =E31*F31 -> 0 | H31: =B31-E31 -> 0
A32: JAUNE PROCESS C | B32: =+'0511'!H32 -> 40 | D32: KG | G32: =E32*F32 -> 0 | H32: =B32-E32 -> 40
A33: BLEU CYAN | B33: =+'0511'!H33 -> 100 | D33: KG | G33: =E33*F33 -> 0 | H33: =B33-E33 -> 100
A34: BLEU CYAN C | B34: =+'0511'!H34 -> 60 | D34: KG | G34: =E34*F34 -> 0 | H34: =B34-E34 -> 60
A35: BLEU REFLEX | B35: =+'0511'!H35 -> 115 | D35: KG | G35: =E35*F35 -> 0 | H35: =B35-E35 -> 115
A36: BLEU REFLEX COUCHE | B36: =+'0511'!H36 -> 60 | D36: KG | G36: =E36*F36 -> 0 | H36: =B36-E36 -> 60
A37: BLEU 295 C | B37: =+'0511'!H37 -> 0 | D37: KG | G37: =E37*F37 -> 0 | H37: =B37-E37 -> 0
A38: BLEU BADIRA C | B38: =+'0511'!H38 -> 40 | D38: KG | G38: =E38*F38 -> 0 | H38: =B38-E38 -> 40
A39: BLEU BADIRA | B39: =+'0511'!H39 -> 17 | D39: KG | G39: =E39*F39 -> 0 | H39: =B39-E39 -> 17
A40: BLEU 2765 C | B40: =+'0511'!H40 -> 40 | D40: KG | G40: =E40*F40 -> 0 | H40: =B40-E40 -> 40
A41: BLEU 3557 | B41: =+'0511'!H41 -> 60 | D41: KG | G41: =E41*F41 -> 0 | H41: =B41-E41 -> 60
A42: BLEU 282 U | C42: 102 | D42: KG | E42: 51 | H42: =B42-E42+C42 -> 51
A43: MARRON 7570 | B43: =+'0511'!H42 -> 100 | D43: KG | G43: =E43*F43 -> 0 | H43: =B43-E43 -> 100
A44: MARRON 876 | B44: =+'0511'!H43 -> 20 | D44: KG | G44: =E44*F44 -> 0 | H44: =B44-E44 -> 20
A45: MARRON 476 | B45: =+'0511'!H44 -> 20 | D45: KG | G45: =E45*F45 -> 0 | H45: =B45-E45 -> 20
A46: MARRON BEJE | B46: =+'0511'!H45 -> 40 | D46: KG | G46: =E46*F46 -> 0 | H46: =B46-E46 -> 40
A47: MARRON 7502 | B47: =+'0511'!H46 -> 100 | D47: KG | G47: =E47*F47 -> 0 | H47: =B47-E47 -> 100
A48: MARRON FONCE | B48: =+'0511'!H47 -> 0 | D48: KG | G48: =E48*F48 -> 0 | H48: =B48-E48 -> 0
A49: VIOLET 254 | B49: =+'0511'!H48 -> 20 | D49: KG | G49: =E49*F49 -> 0 | H49: =B49-E49 -> 20
A50: VIOLET 2371 | B50: =+'0511'!H49 -> 120 | D50: KG | G50: =E50*F50 -> 0 | H50: =B50-E50 -> 120
A51: ROUGE 3546 | B51: =+'0511'!H50 -> 83 | D51: KG | G51: =E51*F51 -> 0 | H51: =B51-E51 -> 83
A52: ROUGE 2343 U | C52: 17 | D52: KG | E52: 17 | G52: =E52*F52 -> 0 | H52: =B52-E52+C52-F52 -> 0
A53: ROUGE 2347 | B53: =+'0511'!H51 -> 57 | D53: KG | G53: =E53*F53 -> 0 | H53: =B53-E53+C53 -> 57
A54: ROUGE 2347 COUCHE | B54: =+'0511'!H52 -> 40 | D54: KG | G54: =E54*F54 -> 0 | H54: =B54-E54 -> 40
A55: ROUGE SIPA | B55: =+'0511'!H53 -> 40 | D55: KG | G55: =E55*F55 -> 0 | H55: =B55-E55 -> 40
A56: ROSE | B56: =+'0511'!H54 -> 120 | D56: KG | G56: =E56*F56 -> 0 | H56: =B56-E56 -> 120
A57: VERT 375 | B57: =+'0511'!H55 -> 20 | D57: KG | G57: =E57*F57 -> 0 | H57: =B57-E57 -> 20
A58: VERT 356 | B58: =+'0511'!H56 -> 199 | D58: KG | G58: =E58*F58 -> 0 | H58: =B58-E58 -> 199
A59: VERT 356 C | B59: =+'0511'!H57 -> 0 | D59: KG | G59: =E59*F59 -> 0 | H59: =B59-E59 -> 0
A60: VERT 342 | B60: =+'0511'!H58 -> 60 | D60: KG | G60: =E60*F60 -> 0 | H60: =B60-E60 -> 60
A61: VERT 342 C | B61: =+'0511'!H59 -> 17 | D61: KG | G61: =E61*F61 -> 0 | H61: =B61-E61 -> 17
A62: MAGENTA | B62: =+'0511'!H60 -> 160 | D62: KG | G62: =E62*F62 -> 0 | H62: =B62-E62 -> 160
A63: GOLD 4007 | B63: =+'0511'!H61 -> 60 | D63: KG | G63: =E63*F63 -> 0 | H63: =B63-E63 -> 60
A64: GOLD 872 | B64: =+'0511'!H62 -> 20 | D64: KG | G64: =E64*F64 -> 0 | H64: =B64-E64 -> 20
A65: GRIS877 | B65: =+'0511'!H63 -> 100 | D65: KG | G65: =E65*F65 -> 0 | H65: =B65-E65 -> 100
... A70: ORANGE 166 | B70: =+'0511'!H68 -> 60 | D70: KG | G70: =E70*F70 -> 0 | H70: =B70-E70 -> 60
A71: NOIR PROCESS | B71: =+'0511'!H69 -> 166 | D71: KG | G71: =E71*F71 -> 0 | H71: =B71-E71+C71 -> 166
A72: NOIR COUCHE | B72: =+'0511'!H70 -> 34 | D72: KG | G72: =E72*F72 -> 0 | H72: =B72-E72 -> 34
A73: P200 | B73: =+'0511'!H71 -> 0 | D73: KG | G73: =E73*F73 -> 0 | H73: =B73-E73 -> 0
A74: PONTON 137 | B74: =+'0511'!H72 -> 15 | D74: KG | G74: =E74*F74 -> 0 | H74: =B74-E74 -> 15
A75: PONTON 235 C | B75: =+'0511'!H73 -> 0 | D75: KG | G75: =E75*F75 -> 0 | H75: =B75-E75+C75 -> 0
A76: TOTAL

Sheet RECAP
D3: RECAP DE CONSOMATION M C D'ANNEE 2025
A5: MOIS | B5: JANVIER | C5: FEV | D5: MARS | E5: AVR | F5: MAI | G5: JUIN | H5: JUILLET | I5: AOUT | J5: SEPT | K5: OCT | L5: NOV | M5: DEC
A7: COLLE KG | B7: 1800 | C7: 930 | D7: 1470 | E7: 1110 | F7: 360 | G7: 1380 | H7: 780 | I7: 180 | J7: 1650 | K7: =+'3010'!H11 -> 1110 | L7: =+'0611'!H11 -> 960 | M7: =+[1]JANVIER!Z568 -> 0
A8: FEUILLARD N12 | B8: 74 | C8: 245 | D8: 214 | E8: 188 | F8: 162 | G8: 131 | H8: 291 | I8: 254 | J8: 242 | K8: =+'3010'!H6 -> 216 | L8: =+'0611'!H6 -> 208 | M8: =+[1]FEVRIER!Z651 -> 0
A9: FEUILLARD N5 | B9: 24 | C9: 148 | D9: 125 | E9: 100 | F9: 82 | G9: 70 | H9: 57 | I9: 45 | J9: 30 | K9: =+'3010'!H7 -> 11 | L9: =+'0611'!H7 -> 57 | M9: =+[1]MARS!Z536 -> 0
A10: CELOPHANE 7KG | B10: =+[1]AVRIL!O814 -> 0 | C10: =+[1]AVRIL!P814 -> 0 | D10: 35 | E10: 24 | F10: 20 | G10: 9 | H10: 39 | I10: 22 | J10: 75 | K10: =+'3010'!H8 -> 48 | L10: =+'0611'!H8 -> 44 | M10: =+[1]AVRIL!Z814 -> 0
A11: CELOPHANE 16KG | B11: =+[1]MAI!O709 -> 0 | C11: =+[1]MAI!P709 -> 0 | D11: =+[1]MAI!Q709 -> 0 | E11: 1200 | F11: 848 | G11: 368 | H11: 1472 | I11: 1072 | J11: 544 | K11: =+'3010'!H9 -> 2348 | L11: =+'0611'!H9 -> 2108 | M11: =+[1]MAI!Z709 -> 0
A12: AMIDON | B12: 204452 | C12: 181302 | D12: 163852 | E12: 144452 | F12: 122100 | G12: 99350 | H12: 78225 | I12: 59950 | J12: 31725 | K12: 58525 | L12: =+'0611'!H14 -> 51375 | M12: =+[1]JUIN!Z764 -> 0
A13: SOUDE | B13: 1297 | C13: 1817 | D13: 921 | E13: 1301 | F13: 1348 | G13: 1464 | H13: 3058 | I13: 2134 | J13: 3634 | K13: =+'3010'!H15 -> 2230 | L13: =+'0611'!H15 -> 1820 | M13: =+[1]JUIL!Z794 -> 0
A14: BORAX | B14: 25 | C14: 250 | D14: 1075 | E14: 900 | F14: 600 | G14: 325 | H14: 125 | I14: 950 | J14: 675 | K14: =+'3010'!H13 -> 400 | L14: =+'0611'!H13 -> 325 | M14: =+[1]AOUT!Z700 -> 0
A15: SEL | B15: 855 | C15: 505 | D15: 2030 | E15: 1030 | F15: 1805 | G15: 3255 | H15: 2555 | I15: 1680 | J15: 930 | K15: =+'3010'!H12 -> 2725 | L15: =+'0611'!H12 -> 2575 | M15: =+[1]SEPT!Z874 -> 0
A16: DOUBLE FACE | B16: 46 | C16: 283 | D16: 208 | E16: 119 | F16: 44 | G16: 102 | H16: 120 | I16: 30 | J16: 90 | K16: =+'3010'!H4 -> 32 | L16: =+'0611'!H4 -> 167 | M16: =[1]OCTO!Z984 -> 0
A17: SCOTCHE | B17: 102 | C17: 77 | D17: 61 | E17: 43 | F17: 23 | G17: 58 | H17: 82 | I17: 62 | J17: 86 | K17: =+'3010'!H5 -> 61 | L17: =+'0511'!H5 -> 105 | M17: =+[1]NOVEM!Z191 -> 0
A18: ANALY FIX | B18: 225 | C18: 175 | D18: 150 | E18: 125 | F18: 100 | G18: 50 | H18: 175 | I18: 125 | J18: 400 | K18: =+'3010'!H16 -> 325 | L18: =+'0611'!H5 -> 104 | M18: =+[1]NOVEM!Z192 -> 0
A19: FIL RECUIT | B19: =+[1]NOVEM!O193 -> 0 | C19: =+[1]NOVEM!P193 -> 0 | D19: =+[1]NOVEM!Q193 -> 0 | E19: =+[1]NOVEM!R193 -> 0 | F19: =+[1]NOVEM!S193 -> 0 | G19: =+[1]NOVEM!T193 -> 0 | H19: =+[1]NOVEM!U193 -> 0 | I19: =+[1]NOVEM!V193 -> 0 | ... M19: =+[1]NOVEM!Z193 -> 0
A20: JAUNE MP | B20: =+[1]NOVEM!O194 -> 0 | C20: =+[1]NOVEM!P194 -> 0 | D20: =+[1]NOVEM!Q194 -> 0 | E20: =+[1]NOVEM!R194 -> 0 | F20: =+[1]NOVEM!S194 -> 0 | G20: =+[1]NOVEM!T194 -> 0 | H20: =+[1]NOVEM!U194 -> 0 | I20: =+[1]NOVEM!V194 -> 0 | J20: =+[1]NOVEM!W194 -> 0 | K20: =+'3010'!H18 -> 1534.693 | L20: =+'0611'!H18 -> 1462.243 | M20: =+[1]NOVEM!Z194 -> 0
A21: BLUE MP | B21: =+[1]NOVEM!O195 -> 0 | C21: =+[1]NOVEM!P195 -> 0 | D21: =+[1]NOVEM!Q195 -> 0 | E21: =+[1]NOVEM!R195 -> 0 | F21: =+[1]NOVEM!S195 -> 0 | G21: =+[1]NOVEM!T195 -> 0 | H21: =+[1]NOVEM!U195 -> 0 | I21: =+[1]NOVEM!V195 -> 0 | J21: =+[1]NOVEM!W195 -> 0 | K21: =+'3010'!H19 -> 344.971 | L21: =+'0611'!H19 -> 322.221 | M21: =+[1]NOVEM!Z195 -> 0
A22: MAGENTA MP | B22: =+[1]NOVEM!O196 -> 0 | C22: =+[1]NOVEM!P196 -> 0 | D22: =+[1]NOVEM!Q196 -> 0 | E22: =+[1]NOVEM!R196 -> 0 | F22: =+[1]NOVEM!S196 -> 0 | G22: =+[1]NOVEM!T196 -> 0 | H22: =+[1]NOVEM!U196 -> 0 | I22: =+[1]NOVEM!V196 -> 0 | J22: =+[1]NOVEM!W196 -> 0 | K22: =+'3010'!H20 -> 990.22 | L22: =+'0611'!H20 -> 948.21 | M22: =+[1]NOVEM!Z196 -> 0
A23: NOIR MP | B23: =+[1]NOVEM!O197 -> 0 | C23: =+[1]NOVEM!P197 -> 0 | D23: =+[1]NOVEM!Q197 -> 0 | E23: =+[1]NOVEM!R197 -> 0 | F23: =+[1]NOVEM!S197 -> 0 | G23: =+[1]NOVEM!T197 -> 0 | H23: =+[1]NOVEM!U197 -> 0 | I23: =+[1]NOVEM!V197 -> 0 | J23: =+[1]NOVEM!W197 -> 0 | K23: =+'3010'!H21 -> 2462.369 | L23: =+'0611'!H21 -> 2448.449 | M23: =+[1]NOVEM!Z197 -> 0
A24: ROUGE MP | B24: =+[1]NOVEM!O198 -> 0 | C24: =+[1]NOVEM!P198 -> 0 | D24: =+[1]NOVEM!Q198 -> 0 | E24: =+[1]NOVEM!R198 -> 0 | F24: =+[1]NOVEM!S198 -> 0 | G24: =+[1]NOVEM!T198 -> 0 | H24: =+[1]NOVEM!U198 -> 0 | I24: =+[1]NOVEM!V198 -> 0 | J24: =+[1]NOVEM!W198 -> 0 | K24: =+'3010'!H22 -> 1262.53 | L24: =+'0611'!H22 -> 1261.08 | M24: =+[1]NOVEM!Z198 -> 0
A25: BLANC MP | B25: =+[1]NOVEM!O199 -> 0 | C25: =+[1]NOVEM!P199 -> 0 | D25: =+[1]NOVEM!Q199 -> 0 | E25: =+[1]NOVEM!R199 -> 0 | F25: =+[1]NOVEM!S199 -> 0 | G25: =+[1]NOVEM!T199 -> 0 | H25: =+[1]NOVEM!U199 -> 0 | I25: =+[1]NOVEM!V199 -> 0 | J25: =+[1]NOVEM!W199 -> 0 | K25: =+'3010'!H23 -> 230 | L25: =+'0611'!H23 -> 158 | M25: =+[1]NOVEM!Z199 -> 0
A26: ORANGE MP | B26: =+[1]NOVEM!O200 -> 0 | C26: =+[1]NOVEM!P200 -> 0 | D26: =+[1]NOVEM!Q200 -> 0 | E26: =+[1]NOVEM!R200 -> 0 | F26: =+[1]NOVEM!S200 -> 0 | G26: =+[1]NOVEM!T200 -> 0 | H26: =+[1]NOVEM!U200 -> 0 | I26: =+[1]NOVEM!V200 -> 0 | J26: =+[1]NOVEM!W200 -> 0 | K26: =+'3010'!H24 -> 974.652 | L26: =+'0611'!H24 -> 972.124 | M26: =+[1]NOVEM!Z200 -> 0
A27: VERT MP | B27: =+[1]NOVEM!O201 -> 0 | C27: =+[1]NOVEM!P201 -> 0 | D27: =+[1]NOVEM!Q201 -> 0 | E27: =+[1]NOVEM!R201 -> 0 | F27: =+[1]NOVEM!S201 -> 0 | G27: =+[1]NOVEM!T201 -> 0 | H27: =+[1]NOVEM!U201 -> 0 | I27: =+[1]NOVEM!V201 -> 0 | J27: =+[1]NOVEM!W201 -> 0 | K27: =+'3010'!H25 -> 1104 | L27: =+'0611'!H25 -> 1103.3 | M27: =+[1]NOVEM!Z201 -> 0
A28: VIOLET MP | B28: =+[1]NOVEM!O202 -> 0 | C28: =+[1]NOVEM!P202 -> 0 | D28: =+[1]NOVEM!Q202 -> 0 | E28: =+[1]NOVEM!R202 -> 0 | F28: =+[1]NOVEM!S202 -> 0 | G28: =+[1]NOVEM!T202 -> 0 | H28: =+[1]NOVEM!U202 -> 0 | I28: =+[1]NOVEM!V202 -> 0 | J28: =+[1]NOVEM!W202 -> 0 | K28: =+'3010'!H26 -> 229.04 | L28: =+'0611'!H26 -> 208.44 | M28: =+[1]NOVEM!Z202 -> 0
A29: VERNICH GLOSS | B29: =+[1]NOVEM!O203 -> 0 | C29: =+[1]NOVEM!P203 -> 0 | D29: =+[1]NOVEM!Q203 -> 0 | E29: =+[1]NOVEM!R203 -> 0 | F29: =+[1]NOVEM!S203 -> 0 | G29: =+[1]NOVEM!T203 -> 0 | H29: =+[1]NOVEM!U203 -> 0 | I29: =+[1]NOVEM!V203 -> 0 | J29: =+[1]NOVEM!W203 -> 0 | K29: =+'3010'!H27 -> 969.81 | L29: =+'0611'!H27 -> 896.61 | M29: =+[1]NOVEM!Z203 -> 0
A30: VERNICH CX3 | B30: =+[1]NOVEM!O204 -> 0 | C30: =+[1]NOVEM!P204 -> 0 | D30: =+[1]NOVEM!Q204 -> 0 | E30: =+[1]NOVEM!R204 -> 0 | F30: =+[1]NOVEM!S204 -> 0 | G30: =+[1]NOVEM!T204 -> 0 | H30: =+[1]NOVEM!U204 -> 0 | I30: =+[1]NOVEM!V204 -> 0 | J30: =+[1]NOVEM!W204 -> 0 | K30: =+'3010'!H28 -> 14815.871 | L30: =+'0611'!H28 -> 14641.636 | M30: =+[1]NOVEM!Z204 -> 0
A31: TOTAL
